sku_id,MAE,RMSE
SKU0001,7.769230769230769,9.521231336011438
SKU0002,3.9038461538461537,4.777752931758095
SKU0003,6.298076923076923,8.216423515412005
SKU0004,19.451923076923077,24.735329762538814
SKU0005,3.9038461538461537,4.924428900898052
SKU0006,4.413461538461538,5.296043515972742
SKU0007,22.375,29.913497082292263
SKU0008,6.9326923076923075,8.72716801364919
SKU0009,3.2884615384615383,4.118438837901865
SKU0010,7.375,9.203364769307097
SKU0011,3.3846153846153846,4.372114433015748
SKU0012,2.701923076923077,3.417995363907375
SKU0013,5.730769230769231,7.264243303278791
SKU0014,1.0576923076923077,1.3516371839081214
SKU0015,1.5384615384615385,2.080125735844609
SKU0016,3.019230769230769,3.840572873934304
SKU0017,2.076923076923077,2.885640843369645
SKU0018,5.25,6.783747546100958
SKU0019,2.6634615384615383,3.58549427984054
SKU0020,1.25,1.6698687189301853
SKU0021,20.221153846153847,28.182270749806246
SKU0022,3.644230769230769,4.691440651294161
SKU0023,4.913461538461538,6.394859714585674
SKU0024,1.5865384615384615,1.9733805434408158
SKU0025,3.0096153846153846,3.9601379152363254
SKU0026,5.221153846153846,6.941375390201304
SKU0027,1.7403846153846154,2.355435612169631
SKU0028,5.634615384615385,7.3902222304464305
SKU0029,3.0865384615384617,3.7710945156749713
SKU0030,3.048076923076923,4.205079346182698
SKU0031,3.4038461538461537,4.316782990215675
SKU0032,22.173076923076923,30.156004632321824
SKU0033,4.086538461538462,5.2650882087723705
SKU0034,2.2596153846153846,2.8972798914207045
SKU0035,9.5,12.452216361262453
SKU0036,2.048076923076923,2.712152140048421
SKU0037,5.634615384615385,7.1750100509176455
SKU0038,1.2692307692307692,1.6698687189301853
SKU0039,2.2788461538461537,2.9237094457344632
SKU0040,6.346153846153846,8.0156097709407
SKU0041,6.971153846153846,9.070768774136301
SKU0042,5.096153846153846,6.719661163618754
SKU0043,4.846153846153846,6.380559416033869
SKU0044,3.1923076923076925,4.269750488116282
SKU0045,1.4615384615384615,1.975815313698665
SKU0046,2.2403846153846154,2.7925037015332537
SKU0047,3.1153846153846154,4.090326298813975
SKU0048,13.182692307692308,16.59210887509713
SKU0049,5.75,7.633428506852656
SKU0050,1.4711538461538463,1.8733967504550082
SKU0051,4.730769230769231,6.294075358254349
SKU0052,3.951923076923077,4.864510410972675
SKU0053,2.6826923076923075,3.5504604251799834
SKU0054,7.548076923076923,9.840555800438228
SKU0055,10.60576923076923,14.227884322965672
SKU0056,9.48076923076923,12.171846456222086
SKU0057,2.9326923076923075,3.685992194991528
SKU0058,3.3461538461538463,4.3056313751250865
SKU0059,6.490384615384615,7.986165923260432
SKU0060,12.067307692307692,15.564691303865148
SKU0061,3.144230769230769,3.9819303397685437
SKU0062,4.586538461538462,5.770448589414598
SKU0063,2.326923076923077,3.012793235010175
SKU0064,2.0961538461538463,2.7032743678162428
SKU0065,9.98076923076923,13.064190634060608
SKU0066,10.759615384615385,13.618779455081642
SKU0067,4.163461538461538,5.471077801283062
SKU0068,10.471153846153847,13.326881451816446
SKU0069,5.125,6.7872901582522385
SKU0070,2.8461538461538463,3.5895146447138764
SKU0071,6.9423076923076925,8.32512416169827
SKU0072,11.89423076923077,15.784303303257664
SKU0073,3.4711538461538463,4.511736830841226
SKU0074,15.375,20.7760494504906
SKU0075,0.7884615384615384,1.0830867569483633
SKU0076,7.990384615384615,10.175857552220203
SKU0077,4.528846153846154,5.798706752371601
SKU0078,3.9903846153846154,5.137531583283043
SKU0079,5.673076923076923,7.593012982594337
SKU0080,1.3173076923076923,1.8160608258196977
SKU0081,3.5,4.428925898610702
SKU0082,5.086538461538462,6.681633839805259
SKU0083,13.39423076923077,17.80206340676444
SKU0084,4.6923076923076925,5.840837663844511
SKU0085,2.576923076923077,3.2374016171567637
SKU0086,3.3173076923076925,4.065568367872585
SKU0087,8.548076923076923,10.420486479120754
SKU0088,6.394230769230769,8.26077385088011
SKU0089,3.4038461538461537,4.260733053577301
SKU0090,6.990384615384615,8.873577892563102
SKU0091,4.509615384615385,5.656004297680883
SKU0092,11.846153846153847,16.261682191345017
SKU0093,3.5384615384615383,4.418057352415286
SKU0094,2.8173076923076925,3.724916106437835
SKU0095,2.8653846153846154,3.624170992739634
SKU0096,2.25,2.7838821814150108
SKU0097,4.980769230769231,6.569158709747097
SKU0098,5.923076923076923,7.807787039970958
SKU0099,5.480769230769231,6.876660638599344
SKU0100,4.3173076923076925,5.460522657430119
SKU0101,1.5192307692307692,2.0
SKU0102,3.730769230769231,4.680154501065767
SKU0103,3.7596153846153846,4.8148408392897375
SKU0104,2.605769230769231,3.3093689847043466
SKU0105,3.951923076923077,4.9332077253586695
SKU0106,6.423076923076923,7.869121737721239
SKU0107,21.5,30.20761493398643
SKU0108,3.6826923076923075,4.644061551304816
SKU0109,5.605769230769231,7.64664330580117
SKU0110,4.5576923076923075,5.797877595757314
SKU0111,1.25,1.6052797503622467
SKU0112,4.423076923076923,5.390518741985071
SKU0113,5.663461538461538,7.299235997955276
SKU0114,39.77884615384615,54.073400968569494
SKU0115,3.798076923076923,4.806846079371507
SKU0116,5.6826923076923075,7.045866218516412
SKU0117,4.730769230769231,5.958187643906492
SKU0118,1.9711538461538463,2.5057625892821838
SKU0119,12.0,15.256146302392358
SKU0120,8.76923076923077,11.507522623183364
SKU0121,11.548076923076923,14.70969068335565
SKU0122,3.2211538461538463,4.18215071648364
SKU0123,14.692307692307692,18.650634140590338
SKU0124,1.5480769230769231,2.0870479704044254
SKU0125,6.528846153846154,8.544566424612508
SKU0126,38.23076923076923,53.167550832612754
SKU0127,2.3365384615384617,2.953159976390349
SKU0128,2.701923076923077,3.4348328813898537
SKU0129,4.153846153846154,5.47371340696044
SKU0130,3.894230769230769,5.109380513405635
SKU0131,1.3461538461538463,1.715315624690597
SKU0132,5.096153846153846,6.783747546100958
SKU0133,1.6057692307692308,2.100824014157668
SKU0134,8.221153846153847,10.841959090638413
SKU0135,1.9903846153846154,2.57390753524675
SKU0136,12.375,16.20096150992755
SKU0137,2.7403846153846154,3.604217614876301
SKU0138,3.7884615384615383,4.7817763033609815
SKU0139,8.865384615384615,12.370871494703255
SKU0140,1.9038461538461537,2.5682978499686997
SKU0141,6.3173076923076925,8.481314303083709
SKU0142,10.673076923076923,13.870971348605913
SKU0143,1.6634615384615385,2.159504929019968
SKU0144,5.923076923076923,7.637206496941344
SKU0145,6.211538461538462,8.471672253412
SKU0146,8.913461538461538,11.715784881287954
SKU0147,2.75,3.4834774844421466
SKU0148,1.4711538461538463,1.9240382212739635
SKU0149,8.942307692307692,11.027936552927054
SKU0150,6.048076923076923,7.914810848607234
SKU0151,4.596153846153846,5.893281702987668
SKU0152,7.0673076923076925,9.596173115442346
SKU0153,2.8461538461538463,3.7003118371709824
SKU0154,6.144230769230769,7.825623592748671
SKU0155,6.096153846153846,7.485884152086615
SKU0156,3.5865384615384617,4.594101569487687
SKU0157,22.326923076923077,31.04649119280012
SKU0158,6.5576923076923075,8.150035393976944
SKU0159,2.269230769230769,2.7245324228345904
SKU0160,7.9423076923076925,10.112825063711464
SKU0161,3.0961538461538463,4.134749550596003
SKU0162,9.788461538461538,12.342079366011347
SKU0163,11.26923076923077,15.199949392628303
SKU0164,3.480769230769231,4.339000239331991
SKU0165,10.538461538461538,13.353190341925496
SKU0166,5.5,7.043818894277778
SKU0167,9.134615384615385,11.384875256909258
SKU0168,20.46153846153846,28.33895117759572
SKU0169,4.509615384615385,5.767114996652606
SKU0170,3.019230769230769,3.858058499377036
SKU0171,2.673076923076923,3.2991840483088217
SKU0172,2.394230769230769,2.962911769500765
SKU0173,3.5096153846153846,4.368814308429515
SKU0174,7.461538461538462,9.752711654477672
SKU0175,5.971153846153846,7.896566926884697
SKU0176,11.086538461538462,14.207595476743037
SKU0177,4.5,5.7328339078840065
SKU0178,13.528846153846153,17.975143093471306
SKU0179,4.961538461538462,6.391099580365952
SKU0180,66.02884615384616,89.63113512957082
SKU0181,9.571428571428571,11.970201096293842
SKU0182,3.0833333333333335,3.547299442298794
SKU0183,2.24,2.814249455894058
SKU0184,10.142857142857142,11.66802713156158
SKU0185,4.8,5.830951894845301
SKU0186,14.5,16.05718945934603
SKU0187,6.5,8.669871202426636
SKU0188,4.083333333333333,5.461989869391313
SKU0189,4.666666666666667,5.374838498865699
SKU0190,1.4761904761904763,1.864454471471609
SKU0191,3.7142857142857144,3.927922024247863
SKU0192,9.2,11.98999582985749
SKU0193,6.956521739130435,9.212467922190628
SKU0194,1.0,1.2535663410560174
SKU0195,4.7,6.252999280345393
SKU0196,10.0,13.765899897936205
SKU0197,1.1428571428571428,1.6903085094570331
SKU0198,8.363636363636363,9.954441676503464
SKU0199,7.5,9.808888097755306
SKU0200,2.2,2.54296414970142
