sku_id,forecast_date,forecast_units
SKU0001,2024-01-07,32.143167870336285
SKU0001,2024-01-14,30.900248383880715
SKU0001,2024-01-21,31.175310330152097
SKU0001,2024-01-28,31.713528447628715
SKU0001,2024-02-04,31.024051447500455
SKU0001,2024-02-11,29.716372571579743
SKU0001,2024-02-18,29.857134708719336
SKU0001,2024-02-25,29.738263020171782
SKU0002,2024-01-07,11.313011512190279
SKU0002,2024-01-14,11.775797052502964
SKU0002,2024-01-21,11.466234227293269
SKU0002,2024-01-28,11.466234227293269
SKU0002,2024-02-04,11.221992793973572
SKU0002,2024-02-11,11.221992793973572
SKU0002,2024-02-18,11.468484842723909
SKU0002,2024-02-25,11.321521093751844
SKU0003,2024-01-07,40.06663285275772
SKU0003,2024-01-14,37.293821364946005
SKU0003,2024-01-21,37.02515859829066
SKU0003,2024-01-28,37.87383099262707
SKU0003,2024-02-04,35.22592378025215
SKU0003,2024-02-11,34.144871569122124
SKU0003,2024-02-18,34.12897243201905
SKU0003,2024-02-25,34.030829312641686
SKU0004,2024-01-07,144.81943045081755
SKU0004,2024-01-14,145.9254351122973
SKU0004,2024-01-21,147.06925788613978
SKU0004,2024-01-28,148.62849613787654
SKU0004,2024-02-04,148.94421291612932
SKU0004,2024-02-11,152.6574846442388
SKU0004,2024-02-18,146.04227727951846
SKU0004,2024-02-25,145.83515704146276
SKU0005,2024-01-07,10.225470827816618
SKU0005,2024-01-14,10.201799166555505
SKU0005,2024-01-21,10.648163843885682
SKU0005,2024-01-28,10.757535741485686
SKU0005,2024-02-04,10.702880778929382
SKU0005,2024-02-11,10.702880778929382
SKU0005,2024-02-18,10.662472172188547
SKU0005,2024-02-25,9.94574233383211
SKU0006,2024-01-07,13.730637418270867
SKU0006,2024-01-14,14.409715227937136
SKU0006,2024-01-21,14.847505128724361
SKU0006,2024-01-28,14.407808818922536
SKU0006,2024-02-04,13.286436101926535
SKU0006,2024-02-11,13.713201499999235
SKU0006,2024-02-18,13.713201499999235
SKU0006,2024-02-25,13.162245303334306
SKU0007,2024-01-07,153.2521344366582
SKU0007,2024-01-14,154.02823203159332
SKU0007,2024-01-21,156.32180542927523
SKU0007,2024-01-28,157.62353541135784
SKU0007,2024-02-04,166.71270314546277
SKU0007,2024-02-11,169.1326703875016
SKU0007,2024-02-18,170.07601191007268
SKU0007,2024-02-25,164.6129526445299
SKU0008,2024-01-07,36.57156770852721
SKU0008,2024-01-14,33.6103398682976
SKU0008,2024-01-21,47.950603265861936
SKU0008,2024-01-28,37.85305503087588
SKU0008,2024-02-04,37.430882236667436
SKU0008,2024-02-11,37.535554955608276
SKU0008,2024-02-18,36.79313124348809
SKU0008,2024-02-25,34.03442395045184
SKU0009,2024-01-07,9.834499869199695
SKU0009,2024-01-14,9.203303614107323
SKU0009,2024-01-21,9.6496682914375
SKU0009,2024-01-28,9.759040189037506
SKU0009,2024-02-04,9.367835006745745
SKU0009,2024-02-11,9.367835006745745
SKU0009,2024-02-18,9.40824361348658
SKU0009,2024-02-25,9.614327055496082
SKU0010,2024-01-07,34.43033912014291
SKU0010,2024-01-14,32.64907486314127
SKU0010,2024-01-21,33.958064845075604
SKU0010,2024-01-28,39.23422922247762
SKU0010,2024-02-04,46.45117834365227
SKU0010,2024-02-11,34.20551882195271
SKU0010,2024-02-18,34.785705502538455
SKU0010,2024-02-25,35.47998165217708
SKU0011,2024-01-07,9.693191329752697
SKU0011,2024-01-14,9.598206849799642
SKU0011,2024-01-21,9.678473395714631
SKU0011,2024-01-28,10.296538909383036
SKU0011,2024-02-04,9.94574233383211
SKU0011,2024-02-11,9.663976619740367
SKU0011,2024-02-18,9.663976619740367
SKU0011,2024-02-25,9.950877275231539
SKU0012,2024-01-07,12.543263924846482
SKU0012,2024-01-14,11.943106809205014
SKU0012,2024-01-21,11.837167260927385
SKU0012,2024-01-28,12.074251720261557
SKU0012,2024-02-04,11.38774016544349
SKU0012,2024-02-11,11.262401400714406
SKU0012,2024-02-18,11.221992793973572
SKU0012,2024-02-25,11.221992793973572
SKU0013,2024-01-07,24.242282702986568
SKU0013,2024-01-14,24.67865350968326
SKU0013,2024-01-21,24.483709567317096
SKU0013,2024-01-28,24.572227792505767
SKU0013,2024-02-04,23.138806192945466
SKU0013,2024-02-11,23.2649744748869
SKU0013,2024-02-18,23.16866650626574
SKU0013,2024-02-25,23.00899263923787
SKU0014,2024-01-07,2.767504321172704
SKU0014,2024-01-14,2.8076725104466527
SKU0014,2024-01-21,2.623549370080448
SKU0014,2024-01-28,2.652138824360142
SKU0014,2024-02-04,2.372236805063904
SKU0014,2024-02-11,2.2512146535395505
SKU0014,2024-02-18,2.480054154749384
SKU0014,2024-02-25,2.528525715183473
SKU0015,2024-01-07,4.116970240110548
SKU0015,2024-01-14,4.544876604018314
SKU0015,2024-01-21,4.265697589269401
SKU0015,2024-01-28,4.669742694891719
SKU0015,2024-02-04,4.070087220228511
SKU0015,2024-02-11,4.286526269441421
SKU0015,2024-02-18,4.286526269441421
SKU0015,2024-02-25,4.286526269441421
SKU0016,2024-01-07,9.805694764922563
SKU0016,2024-01-14,9.891395001261456
SKU0016,2024-01-21,10.055181802032129
SKU0016,2024-01-28,9.759040189037506
SKU0016,2024-02-04,9.94574233383211
SKU0016,2024-02-11,9.905333727091275
SKU0016,2024-02-18,10.662472172188547
SKU0016,2024-02-25,10.439633275895002
SKU0017,2024-01-07,5.5875513662377765
SKU0017,2024-01-14,5.563879704976663
SKU0017,2024-01-21,5.981901479512631
SKU0017,2024-01-28,6.568249274722396
SKU0017,2024-02-04,5.936318833556907
SKU0017,2024-02-11,5.971231671750421
SKU0017,2024-02-18,6.072845375960709
SKU0017,2024-02-25,6.037932537767194
SKU0018,2024-01-07,22.820551866129353
SKU0018,2024-01-14,23.30474779369794
SKU0018,2024-01-21,23.17239298147399
SKU0018,2024-01-28,23.405875534396355
SKU0018,2024-02-04,22.813362223329904
SKU0018,2024-02-11,22.77295361658907
SKU0018,2024-02-18,22.643140062881475
SKU0018,2024-02-25,22.643140062881475
SKU0019,2024-01-07,4.962566042953559
SKU0019,2024-01-14,5.954981414187491
SKU0019,2024-01-21,5.695834277174068
SKU0019,2024-01-28,5.980030725161682
SKU0019,2024-02-04,5.602683315402313
SKU0019,2024-02-11,5.97996691169861
SKU0019,2024-02-18,5.971231671750421
SKU0019,2024-02-25,5.9776028766558005
SKU0020,2024-01-07,3.1231888440065583
SKU0020,2024-01-14,3.41232798364232
SKU0020,2024-01-21,3.4908481993008937
SKU0020,2024-01-28,3.3625444530534407
SKU0020,2024-02-04,3.020109881487586
SKU0020,2024-02-11,3.020109881487586
SKU0020,2024-02-18,2.937538599852516
SKU0020,2024-02-25,2.7735864245330895
SKU0021,2024-01-07,135.35369563477488
SKU0021,2024-01-14,127.24433589799399
SKU0021,2024-01-21,121.84178516064189
SKU0021,2024-01-28,122.28409758024142
SKU0021,2024-02-04,124.61063546767245
SKU0021,2024-02-11,126.52548801154548
SKU0021,2024-02-18,126.60802401394096
SKU0021,2024-02-25,126.82561718469871
SKU0022,2024-01-07,12.392471175807055
SKU0022,2024-01-14,12.206606532485507
SKU0022,2024-01-21,12.074251720261557
SKU0022,2024-01-28,12.074251720261557
SKU0022,2024-02-04,11.221992793973572
SKU0022,2024-02-11,11.38774016544349
SKU0022,2024-02-18,11.428148772184326
SKU0022,2024-02-25,11.221992793973572
SKU0023,2024-01-07,18.433416846058112
SKU0023,2024-01-14,19.02365673507109
SKU0023,2024-01-21,18.89130192284714
SKU0023,2024-01-28,18.89130192284714
SKU0023,2024-02-04,18.5555322657995
SKU0023,2024-02-11,18.595940872540332
SKU0023,2024-02-18,25.375986820719117
SKU0023,2024-02-25,18.887405866391276
SKU0024,2024-01-07,2.773298930947344
SKU0024,2024-01-14,2.82352759844707
SKU0024,2024-01-21,2.7860555810112637
SKU0024,2024-01-28,2.8709602867493267
SKU0024,2024-02-04,2.7399121708153746
SKU0024,2024-02-11,2.698628127716481
SKU0024,2024-02-18,2.698628127716481
SKU0024,2024-02-25,2.698628127716481
SKU0025,2024-01-07,9.342462324801781
SKU0025,2024-01-14,9.428162561140676
SKU0025,2024-01-21,8.761262490104004
SKU0025,2024-01-28,8.687048378400775
SKU0025,2024-02-04,9.258463109145739
SKU0025,2024-02-11,9.258463109145739
SKU0025,2024-02-18,9.792762657949465
SKU0025,2024-02-25,9.258463109145739
SKU0026,2024-01-07,24.747551803750962
SKU0026,2024-01-14,24.456471892882675
SKU0026,2024-01-21,24.438813538248443
SKU0026,2024-01-28,24.546298697459314
SKU0026,2024-02-04,23.36153099939432
SKU0026,2024-02-11,23.128048446471954
SKU0026,2024-02-18,23.00899263923787
SKU0026,2024-02-25,23.09475231443847
SKU0027,2024-01-07,3.9099893630495837
SKU0027,2024-01-14,3.49489926527739
SKU0027,2024-01-21,3.8275437423654024
SKU0027,2024-01-28,3.8275437423654024
SKU0027,2024-02-04,3.9232630177035506
SKU0027,2024-02-11,3.2440370811390773
SKU0027,2024-02-18,2.9899128197096383
SKU0027,2024-02-25,3.381331256220718
SKU0028,2024-01-07,25.22052199526928
SKU0028,2024-01-14,26.20622055965862
SKU0028,2024-01-21,26.040016744772654
SKU0028,2024-01-28,25.868091923312747
SKU0028,2024-02-04,23.787913378864225
SKU0028,2024-02-11,24.105323533899714
SKU0028,2024-02-18,24.009015565278556
SKU0028,2024-02-25,23.125339887256704
SKU0029,2024-01-07,10.818693857754567
SKU0029,2024-01-14,10.600093487069037
SKU0029,2024-01-21,10.496543779122218
SKU0029,2024-01-28,11.466234227293269
SKU0029,2024-02-04,11.075029045001507
SKU0029,2024-02-11,11.075029045001507
SKU0029,2024-02-18,11.115437651742342
SKU0029,2024-02-25,11.075029045001507
SKU0030,2024-01-07,12.469512267445218
SKU0030,2024-01-14,12.286062193660682
SKU0030,2024-01-21,12.239999091731477
SKU0030,2024-01-28,13.07319696586821
SKU0030,2024-02-04,12.725178218734648
SKU0030,2024-02-11,12.415940573808562
SKU0030,2024-02-18,12.456349180549397
SKU0030,2024-02-25,12.456349180549397
SKU0031,2024-01-07,10.211208275517192
SKU0031,2024-01-14,10.187536614256079
SKU0031,2024-01-21,10.055181802032129
SKU0031,2024-01-28,10.296538909383036
SKU0031,2024-02-04,9.905333727091275
SKU0031,2024-02-11,10.662472172188547
SKU0031,2024-02-18,10.908964220938884
SKU0031,2024-02-25,10.151825775841612
SKU0032,2024-01-07,168.72398753340872
SKU0032,2024-01-14,144.27562948489725
SKU0032,2024-01-21,147.73136206507007
SKU0032,2024-01-28,148.66434578454025
SKU0032,2024-02-04,152.86650706479907
SKU0032,2024-02-11,174.9743986306689
SKU0032,2024-02-18,161.98313495932797
SKU0032,2024-02-25,163.04842325903243
SKU0033,2024-01-07,12.900550496893729
SKU0033,2024-01-14,13.070603856280986
SKU0033,2024-01-21,13.357870831281708
SKU0033,2024-01-28,13.013353061593916
SKU0033,2024-02-04,13.029287381681605
SKU0033,2024-02-11,13.06969598842244
SKU0033,2024-02-18,13.06969598842244
SKU0033,2024-02-25,13.06969598842244
SKU0034,2024-01-07,5.466148385846242
SKU0034,2024-01-14,5.563879704976663
SKU0034,2024-01-21,5.4728089358516065
SKU0034,2024-01-28,5.4728089358516065
SKU0034,2024-02-04,5.08909032118686
SKU0034,2024-02-11,5.851053092252464
SKU0034,2024-02-18,5.885965930445978
SKU0034,2024-02-25,5.885965930445978
SKU0035,2024-01-07,51.18677198588709
SKU0035,2024-01-14,51.47017626400162
SKU0035,2024-01-21,53.43670403099983
SKU0035,2024-01-28,51.21453195257942
SKU0035,2024-02-04,49.490393964022445
SKU0035,2024-02-11,50.4691041221255
SKU0035,2024-02-18,54.50055204035923
SKU0035,2024-02-25,76.73942428542384
SKU0036,2024-01-07,4.090213295718184
SKU0036,2024-01-14,4.144040794100273
SKU0036,2024-01-21,4.265697589269401
SKU0036,2024-01-28,4.222448355722485
SKU0036,2024-02-04,4.0288031771296176
SKU0036,2024-02-11,3.9232630177035506
SKU0036,2024-02-18,4.0288031771296176
SKU0036,2024-02-25,3.9645470608024422
SKU0037,2024-01-07,25.59860133678683
SKU0037,2024-01-14,25.318832624537166
SKU0037,2024-01-21,26.515945739134246
SKU0037,2024-01-28,26.234408788965272
SKU0037,2024-02-04,24.27978535801706
SKU0037,2024-02-11,24.179237725726985
SKU0037,2024-02-18,23.935101373451285
SKU0037,2024-02-25,23.935101373451285
SKU0038,2024-01-07,2.927737552110805
SKU0038,2024-01-14,2.9040658908496915
SKU0038,2024-01-21,2.792235433366027
SKU0038,2024-01-28,2.792235433366027
SKU0038,2024-02-04,2.6558960163118375
SKU0038,2024-02-11,2.698628127716481
SKU0038,2024-02-18,2.240718215130082
SKU0038,2024-02-25,2.240718215130082
SKU0039,2024-01-07,5.184740249506217
SKU0039,2024-01-14,5.1610685882451035
SKU0039,2024-01-21,5.219938708447028
SKU0039,2024-01-28,5.509434578046663
SKU0039,2024-02-04,5.08909032118686
SKU0039,2024-02-11,5.08909032118686
SKU0039,2024-02-18,5.08909032118686
SKU0039,2024-02-25,5.190704025397147
SKU0040,2024-01-07,33.37014615096821
SKU0040,2024-01-14,31.821350787724285
SKU0040,2024-01-21,31.883079312641282
SKU0040,2024-01-28,32.39131091228277
SKU0040,2024-02-04,30.225893364533665
SKU0040,2024-02-11,31.038250417107164
SKU0040,2024-02-18,31.038250417107164
SKU0040,2024-02-25,29.638419733298058
SKU0041,2024-01-07,38.54509928972118
SKU0041,2024-01-14,36.70396718609467
SKU0041,2024-01-21,36.5512226839678
SKU0041,2024-01-28,36.44654996502696
SKU0041,2024-02-04,33.85583703968373
SKU0041,2024-02-11,33.59975385176161
SKU0041,2024-02-18,33.74455463535562
SKU0041,2024-02-25,32.223656591014446
SKU0042,2024-01-07,16.701098348828094
SKU0042,2024-01-14,16.81933041475785
SKU0042,2024-01-21,16.876505310694863
SKU0042,2024-01-28,17.719205760343513
SKU0042,2024-02-04,17.10100345533594
SKU0042,2024-02-11,17.14141206207677
SKU0042,2024-02-18,17.14141206207677
SKU0042,2024-02-25,17.339785999824596
SKU0043,2024-01-07,21.570605771386134
SKU0043,2024-01-14,22.091153088981116
SKU0043,2024-01-21,23.17239298147399
SKU0043,2024-01-28,23.17239298147399
SKU0043,2024-02-04,22.813362223329904
SKU0043,2024-02-11,22.813362223329904
SKU0043,2024-02-18,22.643140062881475
SKU0043,2024-02-25,22.643140062881475
SKU0044,2024-01-07,10.156423769873477
SKU0044,2024-01-14,10.21634171853321
SKU0044,2024-01-21,10.055181802032129
SKU0044,2024-01-28,10.296538909383036
SKU0044,2024-02-04,9.94574233383211
SKU0044,2024-02-11,9.905333727091275
SKU0044,2024-02-18,9.905333727091275
SKU0044,2024-02-25,11.196771720992274
SKU0045,2024-01-07,3.3340638718890814
SKU0045,2024-01-14,3.4275417729357223
SKU0045,2024-01-21,3.0410626992823357
SKU0045,2024-01-28,3.0410626992823357
SKU0045,2024-02-04,2.937538599852516
SKU0045,2024-02-11,3.2777203197630294
SKU0045,2024-02-18,3.411528317998665
SKU0045,2024-02-25,3.123720817945274
SKU0046,2024-01-07,6.724275748207459
SKU0046,2024-01-14,6.802217791156632
SKU0046,2024-01-21,7.253745287627143
SKU0046,2024-01-28,6.9424409287888516
SKU0046,2024-02-04,6.752613109303334
SKU0046,2024-02-11,6.917278184764719
SKU0046,2024-02-18,7.043046747636496
SKU0046,2024-02-25,6.755239247583106
SKU0047,2024-01-07,9.84116633376173
SKU0047,2024-01-14,9.891395001261456
SKU0047,2024-01-21,10.055181802032129
SKU0047,2024-01-28,10.589481350835856
SKU0047,2024-02-04,9.704385226481202
SKU0047,2024-02-11,10.662472172188547
SKU0047,2024-02-18,10.151825775841612
SKU0047,2024-02-25,10.949372827679719
SKU0048,2024-01-07,86.79743677288808
SKU0048,2024-01-14,75.1395199829128
SKU0048,2024-01-21,83.45407190842602
SKU0048,2024-01-28,84.45819633115056
SKU0048,2024-02-04,90.46405559942902
SKU0048,2024-02-11,94.12015375065766
SKU0048,2024-02-18,86.85585496876325
SKU0048,2024-02-25,79.04784473704393
SKU0049,2024-01-07,27.861005841431346
SKU0049,2024-01-14,26.676195850111014
SKU0049,2024-01-21,27.255921722731657
SKU0049,2024-01-28,27.103419370369853
SKU0049,2024-02-04,24.931060473820622
SKU0049,2024-02-11,24.27978535801706
SKU0049,2024-02-18,25.187684934805475
SKU0049,2024-02-25,25.013223110688127
SKU0050,2024-01-07,3.5598549696373976
SKU0050,2024-01-14,3.49489926527739
SKU0050,2024-01-21,4.0061219605459355
SKU0050,2024-01-28,3.3625444530534407
SKU0050,2024-02-04,3.452812361097559
SKU0050,2024-02-11,3.411528317998665
SKU0050,2024-02-18,3.411528317998665
SKU0050,2024-02-25,3.020109881487586
SKU0051,2024-01-07,21.848732925369863
SKU0051,2024-01-14,23.30474779369794
SKU0051,2024-01-21,23.17239298147399
SKU0051,2024-01-28,23.17239298147399
SKU0051,2024-02-04,22.813362223329904
SKU0051,2024-02-11,23.128048446471954
SKU0051,2024-02-18,26.648168670221054
SKU0051,2024-02-25,22.957826286023526
SKU0052,2024-01-07,12.39602556521654
SKU0052,2024-01-14,12.372353903955426
SKU0052,2024-01-21,12.153707381436732
SKU0052,2024-01-28,12.744524023408665
SKU0052,2024-02-04,12.415940573808562
SKU0052,2024-02-11,12.456349180549397
SKU0052,2024-02-18,12.415940573808562
SKU0052,2024-02-25,12.250193202338643
SKU0053,2024-01-07,8.604834160799054
SKU0053,2024-01-14,8.328120641877634
SKU0053,2024-01-21,9.027527176868123
SKU0053,2024-01-28,9.13689907446813
SKU0053,2024-02-04,8.721016557321727
SKU0053,2024-02-11,8.835639275765791
SKU0053,2024-02-18,9.258463109145739
SKU0053,2024-02-25,9.258463109145739
SKU0054,2024-01-07,35.47428357310073
SKU0054,2024-01-14,35.37764154243096
SKU0054,2024-01-21,36.30274209577976
SKU0054,2024-01-28,35.13783339774258
SKU0054,2024-02-04,35.131375298684944
SKU0054,2024-02-11,35.1947921685376
SKU0054,2024-02-18,34.025714039271975
SKU0054,2024-02-25,59.97815670914877
SKU0055,2024-01-07,72.53209449640421
SKU0055,2024-01-14,67.72601656755344
SKU0055,2024-01-21,67.35557768290559
SKU0055,2024-01-28,68.47148002790027
SKU0055,2024-02-04,65.19162529896009
SKU0055,2024-02-11,67.35059004384661
SKU0055,2024-02-18,64.13977605246453
SKU0055,2024-02-25,62.38477741871234
SKU0056,2024-01-07,52.78682193363552
SKU0056,2024-01-14,47.478512928737146
SKU0056,2024-01-21,47.98652876847098
SKU0056,2024-01-28,48.99035924432648
SKU0056,2024-02-04,48.55894345859848
SKU0056,2024-02-11,47.94008872456912
SKU0056,2024-02-18,47.76277104503596
SKU0056,2024-02-25,46.21251531827586
SKU0057,2024-01-07,7.178074118152981
SKU0057,2024-01-14,7.476171206500573
SKU0057,2024-01-21,7.3438163942766215
SKU0057,2024-01-28,7.3438163942766215
SKU0057,2024-02-04,7.364815497245204
SKU0057,2024-02-11,7.6523287690223345
SKU0057,2024-02-18,7.853331258087833
SKU0057,2024-02-25,7.853331258087833
SKU0058,2024-01-07,9.421903984792854
SKU0058,2024-01-14,9.891395001261456
SKU0058,2024-01-21,9.295807748916726
SKU0058,2024-01-28,9.591949361911341
SKU0058,2024-02-04,9.367835006745745
SKU0058,2024-02-11,9.40824361348658
SKU0058,2024-02-18,9.367835006745745
SKU0058,2024-02-25,9.367835006745745
SKU0059,2024-01-07,28.017502199463323
SKU0059,2024-01-14,27.726422288595035
SKU0059,2024-01-21,27.594067476371087
SKU0059,2024-01-28,27.53147834622887
SKU0059,2024-02-04,26.719091430339763
SKU0059,2024-02-11,26.719091430339763
SKU0059,2024-02-18,26.957977869037062
SKU0059,2024-02-25,26.622783461718605
SKU0060,2024-01-07,69.64523725215629
SKU0060,2024-01-14,71.09669915221244
SKU0060,2024-01-21,71.32873445092086
SKU0060,2024-01-28,65.79331792059934
SKU0060,2024-02-04,68.58058604395757
SKU0060,2024-02-11,66.89919646232535
SKU0060,2024-02-18,69.23574411460596
SKU0060,2024-02-25,67.34906183186516
SKU0061,2024-01-07,14.5638352924076
SKU0061,2024-01-14,14.97985994094831
SKU0061,2024-01-21,15.508942539634745
SKU0061,2024-01-28,15.819233872909313
SKU0061,2024-02-04,15.13255535762016
SKU0061,2024-02-11,15.172963964360994
SKU0061,2024-02-18,15.172963964360994
SKU0061,2024-02-25,15.375037265821557
SKU0062,2024-01-07,19.920506160223553
SKU0062,2024-01-14,19.85440488828804
SKU0062,2024-01-21,19.2479703363299
SKU0062,2024-01-28,19.479183444782187
SKU0062,2024-02-04,18.762600339461464
SKU0062,2024-02-11,18.762600339461464
SKU0062,2024-02-18,18.592378179013036
SKU0062,2024-02-25,18.592378179013036
SKU0063,2024-01-07,6.080266779658889
SKU0063,2024-01-14,6.427456180252554
SKU0063,2024-01-21,6.313666243316274
SKU0063,2024-01-28,6.22840050201183
SKU0063,2024-02-04,6.577999368891778
SKU0063,2024-02-11,6.688348313050254
SKU0063,2024-02-18,6.679613073102065
SKU0063,2024-02-25,6.362341245560343
SKU0064,2024-01-07,3.444670597777664
SKU0064,2024-01-14,3.88631770178847
SKU0064,2024-01-21,3.7952469326634133
SKU0064,2024-01-28,4.008087150993959
SKU0064,2024-02-04,3.6656525794281056
SKU0064,2024-02-11,3.9232630177035506
SKU0064,2024-02-18,3.6836251111571716
SKU0064,2024-02-25,3.740995677076229
SKU0065,2024-01-07,51.98654927424225
SKU0065,2024-01-14,51.225125232375376
SKU0065,2024-01-21,50.953418570244644
SKU0065,2024-01-28,49.72774044811786
SKU0065,2024-02-04,47.8992397199111
SKU0065,2024-02-11,47.14844230033454
SKU0065,2024-02-18,45.544745009697216
SKU0065,2024-02-25,45.78555152426545
SKU0066,2024-01-07,68.41393667581016
SKU0066,2024-01-14,72.50500296918466
SKU0066,2024-01-21,69.0433421671096
SKU0066,2024-01-28,70.95697386567055
SKU0066,2024-02-04,69.60202098337525
SKU0066,2024-02-11,79.40164700434964
SKU0066,2024-02-18,80.07757956176329
SKU0066,2024-02-25,77.48110632133155
SKU0067,2024-01-07,12.900550496893729
SKU0067,2024-01-14,12.135269444621255
SKU0067,2024-01-21,12.578776651938746
SKU0067,2024-01-28,11.643442240279015
SKU0067,2024-02-04,12.250193202338643
SKU0067,2024-02-11,12.250193202338643
SKU0067,2024-02-18,12.290601809079478
SKU0067,2024-02-25,11.508893449464743
SKU0068,2024-01-07,63.47603416077663
SKU0068,2024-01-14,62.18364345056678
SKU0068,2024-01-21,62.40645059708125
SKU0068,2024-01-28,60.58412708068961
SKU0068,2024-02-04,58.633238361006455
SKU0068,2024-02-11,60.520382902120296
SKU0068,2024-02-18,61.25046529821052
SKU0068,2024-02-25,60.2944593313788
SKU0069,2024-01-07,23.950925129296195
SKU0069,2024-01-14,24.67865350968326
SKU0069,2024-01-21,24.59746505067366
SKU0069,2024-01-28,24.683224725874258
SKU0069,2024-02-04,23.2649744748869
SKU0069,2024-02-11,23.2649744748869
SKU0069,2024-02-18,23.125339887256704
SKU0069,2024-02-25,24.48544223163849
SKU0070,2024-01-07,10.865122255681058
SKU0070,2024-01-14,10.428893721606986
SKU0070,2024-01-21,11.053677354480309
SKU0070,2024-01-28,11.053677354480309
SKU0070,2024-02-04,11.075029045001507
SKU0070,2024-02-11,11.221992793973572
SKU0070,2024-02-18,11.221992793973572
SKU0070,2024-02-25,11.075029045001507
SKU0071,2024-01-07,29.40327159202956
SKU0071,2024-01-14,29.358241990807123
SKU0071,2024-01-21,29.19597170238393
SKU0071,2024-01-28,29.238055291182555
SKU0071,2024-02-04,28.877965233749116
SKU0071,2024-02-11,29.096680209170394
SKU0071,2024-02-18,29.70191670951185
SKU0071,2024-02-25,41.91620360546155
SKU0072,2024-01-07,98.6213912559666
SKU0072,2024-01-14,83.61908651617934
SKU0072,2024-01-21,91.04805313957432
SKU0072,2024-01-28,96.81367886674427
SKU0072,2024-02-04,95.61339621981737
SKU0072,2024-02-11,95.14764638220554
SKU0072,2024-02-18,97.01527097236325
SKU0072,2024-02-25,105.71079577865702
SKU0073,2024-01-07,14.583303811169541
SKU0073,2024-01-14,14.958909591303032
SKU0073,2024-01-21,13.993356904942345
SKU0073,2024-01-28,13.862908501732996
SKU0073,2024-02-04,14.209317687014911
SKU0073,2024-02-11,13.782552288942217
SKU0073,2024-02-18,14.14599482779576
SKU0073,2024-02-25,14.316851837745945
SKU0074,2024-01-07,112.12485904231919
SKU0074,2024-01-14,106.30671166109767
SKU0074,2024-01-21,98.22512918067791
SKU0074,2024-01-28,105.89345482022674
SKU0074,2024-02-04,101.60555208012326
SKU0074,2024-02-11,98.70104492647798
SKU0074,2024-02-18,94.8467951083626
SKU0074,2024-02-25,96.58345066220788
SKU0075,2024-01-07,2.6021447727492886
SKU0075,2024-01-14,2.582499942870427
SKU0075,2024-01-21,2.69432091245575
SKU0075,2024-01-28,2.744496089019432
SKU0075,2024-02-04,2.3710633111742516
SKU0075,2024-02-11,2.2512146535395505
SKU0075,2024-02-18,2.5929471037457206
SKU0075,2024-02-25,2.1673184143285624
SKU0076,2024-01-07,40.633900859921596
SKU0076,2024-01-14,39.17659094951981
SKU0076,2024-01-21,39.170234072718614
SKU0076,2024-01-28,39.22638286453302
SKU0076,2024-02-04,37.630103437175485
SKU0076,2024-02-11,37.535554955608276
SKU0076,2024-02-18,35.679489394443884
SKU0076,2024-02-25,35.005421203072174
SKU0077,2024-01-07,21.587922869889944
SKU0077,2024-01-14,20.185793615240872
SKU0077,2024-01-21,21.326877655588266
SKU0077,2024-01-28,21.43189639640488
SKU0077,2024-02-04,21.19203799866004
SKU0077,2024-02-11,21.19203799866004
SKU0077,2024-02-18,21.224273862752685
SKU0077,2024-02-25,21.26468246949352
SKU0078,2024-01-07,15.167715305047599
SKU0078,2024-01-14,15.998254896491215
SKU0078,2024-01-21,16.484902301073337
SKU0078,2024-01-28,16.484902301073337
SKU0078,2024-02-04,15.81473357562339
SKU0078,2024-02-11,16.004263283784347
SKU0078,2024-02-18,15.963854677043516
SKU0078,2024-02-25,16.242653717657582
SKU0079,2024-01-07,25.82541077149183
SKU0079,2024-01-14,25.86432824037293
SKU0079,2024-01-21,26.340653711230047
SKU0079,2024-01-28,25.958976161737734
SKU0079,2024-02-04,31.97893350031403
SKU0079,2024-02-11,26.719091430339763
SKU0079,2024-02-18,26.893433214749383
SKU0079,2024-02-25,33.3161067463407
SKU0080,2024-01-07,3.63461414235453
SKU0080,2024-01-14,3.173417511506284
SKU0080,2024-01-21,3.0410626992823357
SKU0080,2024-01-28,3.0410626992823357
SKU0080,2024-02-04,2.7399121708153746
SKU0080,2024-02-11,2.852151039068896
SKU0080,2024-02-18,2.7735864245330895
SKU0080,2024-02-25,2.732302381434195
SKU0081,2024-01-07,11.672483904308562
SKU0081,2024-01-14,11.941544423972884
SKU0081,2024-01-21,11.643442240279015
SKU0081,2024-01-28,12.578776651938746
SKU0081,2024-02-04,12.290601809079478
SKU0081,2024-02-11,12.784492751142368
SKU0081,2024-02-18,12.250193202338643
SKU0081,2024-02-25,11.468484842723909
SKU0082,2024-01-07,23.561902007881418
SKU0082,2024-01-14,23.30474779369794
SKU0082,2024-01-21,23.48707920461604
SKU0082,2024-01-28,23.538245557830386
SKU0082,2024-02-04,23.1792147996863
SKU0082,2024-02-11,31.607528423678964
SKU0082,2024-02-18,23.328234867360834
SKU0082,2024-02-25,23.328234867360834
SKU0083,2024-01-07,82.45551574752447
SKU0083,2024-01-14,69.4809637584743
SKU0083,2024-01-21,78.81749252538009
SKU0083,2024-01-28,77.5877669345193
SKU0083,2024-02-04,80.39228729890459
SKU0083,2024-02-11,78.79515816016439
SKU0083,2024-02-18,81.81604435296457
SKU0083,2024-02-25,78.5485835206971
SKU0084,2024-01-07,12.795303006611144
SKU0084,2024-01-14,13.20555177809216
SKU0084,2024-01-21,13.34202600405346
SKU0084,2024-01-28,14.471085436361557
SKU0084,2024-02-04,13.2460274951857
SKU0084,2024-02-11,13.20265391007514
SKU0084,2024-02-18,13.611695278992032
SKU0084,2024-02-25,13.155987698717185
SKU0085,2024-01-07,4.527264222180534
SKU0085,2024-01-14,4.5035925609194205
SKU0085,2024-01-21,4.549894037257015
SKU0085,2024-01-28,4.371237748695471
SKU0085,2024-02-04,4.286526269441421
SKU0085,2024-02-11,4.315418142600523
SKU0085,2024-02-18,4.356702185699416
SKU0085,2024-02-25,3.740995677076229
SKU0086,2024-01-07,8.76374283524765
SKU0086,2024-01-14,8.740071173986536
SKU0086,2024-01-21,8.607716361762586
SKU0086,2024-01-28,9.186435851316718
SKU0086,2024-02-04,8.795230669024956
SKU0086,2024-02-11,8.835639275765791
SKU0086,2024-02-18,8.795230669024956
SKU0086,2024-02-25,9.504955157896076
SKU0087,2024-01-07,46.37525044416545
SKU0087,2024-01-14,42.289652697877706
SKU0087,2024-01-21,43.51804496895211
SKU0087,2024-01-28,43.7797018296991
SKU0087,2024-02-04,42.32418636191064
SKU0087,2024-02-11,42.71039756549818
SKU0087,2024-02-18,40.73380643239684
SKU0087,2024-02-25,41.28073837786077
SKU0088,2024-01-07,24.20938446419417
SKU0088,2024-01-14,23.92725346803508
SKU0088,2024-01-21,23.85748778595335
SKU0088,2024-01-28,23.79489865581113
SKU0088,2024-02-04,23.2649744748869
SKU0088,2024-02-11,24.65566439208692
SKU0088,2024-02-18,26.877145847015264
SKU0088,2024-02-25,24.11044096620508
SKU0089,2024-01-07,12.795303006611144
SKU0089,2024-01-14,11.941544423972884
SKU0089,2024-01-21,11.809189611748934
SKU0089,2024-01-28,12.347432402085103
SKU0089,2024-02-04,11.38774016544349
SKU0089,2024-02-11,12.290601809079478
SKU0089,2024-02-18,12.250193202338643
SKU0089,2024-02-25,12.250193202338643
SKU0090,2024-01-07,35.64025075464953
SKU0090,2024-01-14,32.687546526778135
SKU0090,2024-01-21,34.816587408953815
SKU0090,2024-01-28,35.78304174757494
SKU0090,2024-02-04,33.497918071107115
SKU0090,2024-02-11,31.751695365957456
SKU0090,2024-02-18,31.896496149551464
SKU0090,2024-02-25,31.176223091749332
SKU0091,2024-01-07,14.149383378427409
SKU0091,2024-01-14,14.03942000687155
SKU0091,2024-01-21,13.993356904942345
SKU0091,2024-01-28,13.862908501732996
SKU0091,2024-02-04,13.229835578763979
SKU0091,2024-02-11,13.652103885732867
SKU0091,2024-02-18,13.155987698717185
SKU0091,2024-02-25,13.690287247520914
SKU0092,2024-01-07,81.76107879003666
SKU0092,2024-01-14,74.87185810853428
SKU0092,2024-01-21,71.70786019691752
SKU0092,2024-01-28,70.45704881848367
SKU0092,2024-02-04,77.59502634990268
SKU0092,2024-02-11,77.49784878070395
SKU0092,2024-02-18,77.43441226483468
SKU0092,2024-02-25,84.15058425278528
SKU0093,2024-01-07,11.548360372017493
SKU0093,2024-01-14,11.598589039517218
SKU0093,2024-01-21,11.053677354480309
SKU0093,2024-01-28,11.466234227293269
SKU0093,2024-02-04,11.115437651742342
SKU0093,2024-02-11,11.075029045001507
SKU0093,2024-02-18,11.115437651742342
SKU0093,2024-02-25,11.361929700492679
SKU0094,2024-01-07,9.621878511060755
SKU0094,2024-01-14,9.891395001261456
SKU0094,2024-01-21,10.055181802032129
SKU0094,2024-01-28,10.296538909383036
SKU0094,2024-02-04,9.905333727091275
SKU0094,2024-02-11,9.94574233383211
SKU0094,2024-02-18,10.439633275895002
SKU0094,2024-02-25,10.192234382582447
SKU0095,2024-01-07,10.047051872273471
SKU0095,2024-01-14,9.810828207938581
SKU0095,2024-01-21,9.759040189037506
SKU0095,2024-01-28,10.055181802032129
SKU0095,2024-02-04,9.663976619740367
SKU0095,2024-02-11,9.692781724017498
SKU0095,2024-02-18,9.94574233383211
SKU0095,2024-02-25,9.905333727091275
SKU0096,2024-01-07,4.508501330657988
SKU0096,2024-01-14,4.140441963217909
SKU0096,2024-01-21,4.292283598981573
SKU0096,2024-01-28,4.807617129568819
SKU0096,2024-02-04,4.0288031771296176
SKU0096,2024-02-11,4.0288031771296176
SKU0096,2024-02-18,4.0288031771296176
SKU0096,2024-02-25,4.0288031771296176
SKU0097,2024-01-07,19.367321515144884
SKU0097,2024-01-14,19.444878790085003
SKU0097,2024-01-21,19.081310869408767
SKU0097,2024-01-28,18.89130192284714
SKU0097,2024-02-04,18.762600339461464
SKU0097,2024-02-11,18.762600339461464
SKU0097,2024-02-18,18.592378179013036
SKU0097,2024-02-25,25.014265128838453
SKU0098,2024-01-07,24.28328479295501
SKU0098,2024-01-14,23.756360045254933
SKU0098,2024-01-21,23.561416102888767
SKU0098,2024-01-28,23.77172811075275
SKU0098,2024-02-04,23.409604304185567
SKU0098,2024-02-11,23.25312899151357
SKU0098,2024-02-18,22.957826286023526
SKU0098,2024-02-25,22.917417679282693
SKU0099,2024-01-07,23.580516547958887
SKU0099,2024-01-14,23.30474779369794
SKU0099,2024-01-21,23.17239298147399
SKU0099,2024-01-28,23.48707920461604
SKU0099,2024-02-04,31.533614231851693
SKU0099,2024-02-11,23.498457027809263
SKU0099,2024-02-18,24.645010592733584
SKU0099,2024-02-25,24.893386608678203
SKU0100,2024-01-07,10.67150787898762
SKU0100,2024-01-14,10.780518656109631
SKU0100,2024-01-21,11.053677354480309
SKU0100,2024-01-28,11.466234227293269
SKU0100,2024-02-04,11.115437651742342
SKU0100,2024-02-11,11.115437651742342
SKU0100,2024-02-18,11.075029045001507
SKU0100,2024-02-25,11.115437651742342
SKU0101,2024-01-07,3.164472887105452
SKU0101,2024-01-14,3.214701554605178
SKU0101,2024-01-21,3.3212572145172645
SKU0101,2024-01-28,3.3625444530534407
SKU0101,2024-02-04,3.1399585391222873
SKU0101,2024-02-11,3.020109881487586
SKU0101,2024-02-18,3.020109881487586
SKU0101,2024-02-25,2.732302381434195
SKU0102,2024-01-07,16.522179279250643
SKU0102,2024-01-14,17.186319497024456
SKU0102,2024-01-21,16.876505310694863
SKU0102,2024-01-28,17.15530435130893
SKU0102,2024-02-04,16.944499735308803
SKU0102,2024-02-11,17.10100345533594
SKU0102,2024-02-18,20.321197283577057
SKU0102,2024-02-25,19.717775085918863
SKU0103,2024-01-07,10.240013379794323
SKU0103,2024-01-14,10.187536614256079
SKU0103,2024-01-21,10.296538909383036
SKU0103,2024-01-28,10.296538909383036
SKU0103,2024-02-04,11.196771720992274
SKU0103,2024-02-11,10.908964220938884
SKU0103,2024-02-18,10.908964220938884
SKU0103,2024-02-25,11.321521093751844
SKU0104,2024-01-07,7.541507792687413
SKU0104,2024-01-14,7.154402456891868
SKU0104,2024-01-21,7.707250068811054
SKU0104,2024-01-28,8.448807687313991
SKU0104,2024-02-04,8.05760250502223
SKU0104,2024-02-11,7.569086744179603
SKU0104,2024-02-18,8.098011111763064
SKU0104,2024-02-25,8.05760250502223
SKU0105,2024-01-07,11.799468713764078
SKU0105,2024-01-14,11.775797052502964
SKU0105,2024-01-21,11.643442240279015
SKU0105,2024-01-28,11.643442240279015
SKU0105,2024-02-04,11.221992793973572
SKU0105,2024-02-11,11.221992793973572
SKU0105,2024-02-18,11.756292342777298
SKU0105,2024-02-25,11.609328593805234
SKU0106,2024-01-07,26.594127044752536
SKU0106,2024-01-14,25.533924107041187
SKU0106,2024-01-21,26.52959830180029
SKU0106,2024-01-28,26.515945739134246
SKU0106,2024-02-04,25.357907095253903
SKU0106,2024-02-11,25.431821287081174
SKU0106,2024-02-18,24.223605454049068
SKU0106,2024-02-25,23.935101373451285
SKU0107,2024-01-07,170.93417021847773
SKU0107,2024-01-14,156.3927229596132
SKU0107,2024-01-21,148.82407810462834
SKU0107,2024-01-28,149.56090873582298
SKU0107,2024-02-04,160.0470342161991
SKU0107,2024-02-11,174.18802983515496
SKU0107,2024-02-18,168.56317398582897
SKU0107,2024-02-25,163.11393157543364
SKU0108,2024-01-07,17.379256359332462
SKU0108,2024-01-14,17.375849205185418
SKU0108,2024-01-21,16.876505310694863
SKU0108,2024-01-28,17.105294210069417
SKU0108,2024-02-04,17.14141206207677
SKU0108,2024-02-11,17.14141206207677
SKU0108,2024-02-18,17.10100345533594
SKU0108,2024-02-25,19.350786003652257
SKU0109,2024-01-07,29.34911161414902
SKU0109,2024-01-14,28.18928886622166
SKU0109,2024-01-21,28.34947366584209
SKU0109,2024-01-28,28.181541107606694
SKU0109,2024-02-04,28.951879425576386
SKU0109,2024-02-11,27.64579501607051
SKU0109,2024-02-18,28.596428283580142
SKU0109,2024-02-25,28.725902313132416
SKU0110,2024-01-07,21.361552883753728
SKU0110,2024-01-14,21.56425120862883
SKU0110,2024-01-21,19.810572171735018
SKU0110,2024-01-28,21.326877655588266
SKU0110,2024-02-04,19.51521112142821
SKU0110,2024-02-11,19.178979272159307
SKU0110,2024-02-18,20.269205056244868
SKU0110,2024-02-25,19.717028175428183
SKU0111,2024-01-07,2.768474406324884
SKU0111,2024-01-14,2.8362619647263463
SKU0111,2024-01-21,2.664873190639418
SKU0111,2024-01-28,2.8227205350120688
SKU0111,2024-02-04,2.209930610440657
SKU0111,2024-02-11,2.252388147429203
SKU0111,2024-02-18,2.2512146535395505
SKU0111,2024-02-25,2.41384187128306
SKU0112,2024-01-07,15.539795053846188
SKU0112,2024-01-14,15.516123392585074
SKU0112,2024-01-21,15.577493601009497
SKU0112,2024-01-28,15.383768580361124
SKU0112,2024-02-04,15.375037265821557
SKU0112,2024-02-11,15.909336814625286
SKU0112,2024-02-18,17.14629129095492
SKU0112,2024-02-25,18.78834538090439
SKU0113,2024-01-07,27.340987771406073
SKU0113,2024-01-14,26.10584243359973
SKU0113,2024-01-21,26.126834802464963
SKU0113,2024-01-28,25.978080526063437
SKU0113,2024-02-04,24.454777630975016
SKU0113,2024-02-11,24.28031580685767
SKU0113,2024-02-18,24.11009364640924
SKU0113,2024-02-25,24.0500959003889
SKU0114,2024-01-07,283.4298316216047
SKU0114,2024-01-14,299.8045832710059
SKU0114,2024-01-21,301.86247090948615
SKU0114,2024-01-28,292.9460426999537
SKU0114,2024-02-04,290.7952603579197
SKU0114,2024-02-11,301.7893976156828
SKU0114,2024-02-18,293.1324777146303
SKU0114,2024-02-25,288.16269820794594
SKU0115,2024-01-07,12.557366362972092
SKU0115,2024-01-14,12.479787214309052
SKU0115,2024-01-21,12.153707381436732
SKU0115,2024-01-28,13.07319696586821
SKU0115,2024-02-04,11.656569203628747
SKU0115,2024-02-11,11.428148772184326
SKU0115,2024-02-18,12.290601809079478
SKU0115,2024-02-25,12.415940573808562
SKU0116,2024-01-07,23.81399910088125
SKU0116,2024-01-14,23.30474779369794
SKU0116,2024-01-21,23.405875534396355
SKU0116,2024-01-28,23.720561757538405
SKU0116,2024-02-04,23.128048446471954
SKU0116,2024-02-11,23.128048446471954
SKU0116,2024-02-18,23.00899263923787
SKU0116,2024-02-25,22.957826286023526
SKU0117,2024-01-07,16.37109437326954
SKU0117,2024-01-14,16.572407946750367
SKU0117,2024-01-21,15.775371589982653
SKU0117,2024-01-28,17.3522166780769
SKU0117,2024-02-04,16.894489594069288
SKU0117,2024-02-11,16.854080987328455
SKU0117,2024-02-18,16.894489594069288
SKU0117,2024-02-25,20.60900478363045
SKU0118,2024-01-07,6.262849523436218
SKU0118,2024-01-14,6.427456180252554
SKU0118,2024-01-21,6.193487663818316
SKU0118,2024-01-28,6.22840050201183
SKU0118,2024-02-04,6.30201158444895
SKU0118,2024-02-11,6.2607275413500565
SKU0118,2024-02-18,6.288503499292143
SKU0118,2024-02-25,6.403625288659237
SKU0119,2024-01-07,80.13387839535885
SKU0119,2024-01-14,72.99703652825227
SKU0119,2024-01-21,74.43260469717872
SKU0119,2024-01-28,70.043857333061
SKU0119,2024-02-04,77.06399971701745
SKU0119,2024-02-11,80.93190116394598
SKU0119,2024-02-18,76.64791958772537
SKU0119,2024-02-25,76.08971898146586
SKU0120,2024-01-07,52.21272711227612
SKU0120,2024-01-14,50.591237065279216
SKU0120,2024-01-21,49.83029118518126
SKU0120,2024-01-28,48.14734076369976
SKU0120,2024-02-04,44.49587616222678
SKU0120,2024-02-11,45.7188521520164
SKU0120,2024-02-18,44.17404523909697
SKU0120,2024-02-25,44.93080708596597
SKU0121,2024-01-07,64.35621512219367
SKU0121,2024-01-14,62.672417318890936
SKU0121,2024-01-21,63.23062925335435
SKU0121,2024-01-28,60.82242099280704
SKU0121,2024-02-04,61.54552947011497
SKU0121,2024-02-11,60.11214421059167
SKU0121,2024-02-18,64.03897617462184
SKU0121,2024-02-25,62.389784895713746
SKU0122,2024-01-07,6.536393582818111
SKU0122,2024-01-14,6.5961169085104885
SKU0122,2024-01-21,6.669862978932683
SKU0122,2024-01-28,6.704775817126197
SKU0122,2024-02-04,6.514947997640679
SKU0122,2024-02-11,6.679613073102065
SKU0122,2024-02-18,6.391805573048674
SKU0122,2024-02-25,6.391805573048674
SKU0123,2024-01-07,108.96428260811257
SKU0123,2024-01-14,99.93156202304449
SKU0123,2024-01-21,102.18415147171316
SKU0123,2024-01-28,103.6815288443931
SKU0123,2024-02-04,100.46808089147655
SKU0123,2024-02-11,108.28936809098835
SKU0123,2024-02-18,107.50642460075915
SKU0123,2024-02-25,118.07416643866765
SKU0124,2024-01-07,2.6945740775640443
SKU0124,2024-01-14,2.74480274506377
SKU0124,2024-01-21,2.6443488358991343
SKU0124,2024-01-28,2.9122443298482206
SKU0124,2024-02-04,2.1312057570573573
SKU0124,2024-02-11,2.480054154749384
SKU0124,2024-02-18,2.41384187128306
SKU0124,2024-02-25,2.5033656661192114
SKU0125,2024-01-07,30.528866293528523
SKU0125,2024-01-14,28.928772879448093
SKU0125,2024-01-21,29.897587483389213
SKU0125,2024-01-28,29.110750209566607
SKU0125,2024-02-04,28.016397398130646
SKU0125,2024-02-11,29.013951003885037
SKU0125,2024-02-18,28.951879425576386
SKU0125,2024-02-25,28.877965233749116
SKU0126,2024-01-07,345.1861950654164
SKU0126,2024-01-14,346.99835836165647
SKU0126,2024-01-21,349.5417914442396
SKU0126,2024-01-28,371.846867031983
SKU0126,2024-02-04,367.674886253631
SKU0126,2024-02-11,368.7109592871389
SKU0126,2024-02-18,371.19884509130713
SKU0126,2024-02-25,360.977935237995
SKU0127,2024-01-07,4.784987314492337
SKU0127,2024-01-14,4.802599696330117
SKU0127,2024-01-21,4.91315728899489
SKU0127,2024-01-28,4.6253497889415
SKU0127,2024-02-04,4.3118070905347485
SKU0127,2024-02-11,4.027610642547132
SKU0127,2024-02-18,4.027610642547132
SKU0127,2024-02-25,4.027610642547132
SKU0128,2024-01-07,7.755120735703705
SKU0128,2024-01-14,8.58116249953794
SKU0128,2024-01-21,8.533502250059357
SKU0128,2024-01-28,8.533502250059357
SKU0128,2024-02-04,8.142297067767595
SKU0128,2024-02-11,8.142297067767595
SKU0128,2024-02-18,8.142297067767595
SKU0128,2024-02-25,8.18270567450843
SKU0129,2024-01-07,15.539795053846188
SKU0129,2024-01-14,16.572407946750367
SKU0129,2024-01-21,16.686975602533902
SKU0129,2024-01-28,16.44005313452642
SKU0129,2024-02-04,16.41877822668725
SKU0129,2024-02-11,19.16245171706646
SKU0129,2024-02-18,20.649413390371283
SKU0129,2024-02-25,17.508401144343384
SKU0130,2024-01-07,12.021538142172938
SKU0130,2024-01-14,11.598589039517218
SKU0130,2024-01-21,11.810751996981065
SKU0130,2024-01-28,11.897043707275811
SKU0130,2024-02-04,11.262401400714406
SKU0130,2024-02-11,11.115437651742342
SKU0130,2024-02-18,11.221992793973572
SKU0130,2024-02-25,11.115437651742342
SKU0131,2024-01-07,3.2791458312158057
SKU0131,2024-01-14,3.173417511506284
SKU0131,2024-01-21,3.0823467423812296
SKU0131,2024-01-28,3.2799731714183706
SKU0131,2024-02-04,2.9788226429514104
SKU0131,2024-02-11,3.0613939245864805
SKU0131,2024-02-18,3.020109881487586
SKU0131,2024-02-25,3.165004861044168
SKU0132,2024-01-07,19.140087534492498
SKU0132,2024-01-14,19.02365673507109
SKU0132,2024-01-21,19.057961389768273
SKU0132,2024-01-28,19.655371065139388
SKU0132,2024-02-04,19.36001001483258
SKU0132,2024-02-11,24.45464966811048
SKU0132,2024-02-18,18.887405866391276
SKU0132,2024-02-25,18.78238712557466
SKU0133,2024-01-07,3.9099893630495837
SKU0133,2024-01-14,3.88631770178847
SKU0133,2024-01-21,3.7539628895645203
SKU0133,2024-01-28,4.008087150993959
SKU0133,2024-02-04,3.6656525794281056
SKU0133,2024-02-11,3.6656525794281056
SKU0133,2024-02-18,3.6354555176501595
SKU0133,2024-02-25,3.4217398629615534
SKU0134,2024-01-07,41.011961087968174
SKU0134,2024-01-14,38.537033665742776
SKU0134,2024-01-21,35.34049377270093
SKU0134,2024-01-28,38.021745830657736
SKU0134,2024-02-04,35.1048305204618
SKU0134,2024-02-11,35.20169485270206
SKU0134,2024-02-18,34.244253500715416
SKU0134,2024-02-25,33.929751231511
SKU0135,2024-01-07,6.115179617852405
SKU0135,2024-01-14,6.36075531423578
SKU0135,2024-01-21,6.22840050201183
SKU0135,2024-01-28,6.313666243316274
SKU0135,2024-02-04,6.577999368891778
SKU0135,2024-02-11,6.679613073102065
SKU0135,2024-02-18,6.514947997640679
SKU0135,2024-02-25,6.362341245560343
SKU0136,2024-01-07,110.77928607294616
SKU0136,2024-01-14,93.74791215278451
SKU0136,2024-01-21,94.93318735920283
SKU0136,2024-01-28,95.42636162496449
SKU0136,2024-02-04,94.34846182235644
SKU0136,2024-02-11,92.18599905252977
SKU0136,2024-02-18,92.28667137040128
SKU0136,2024-02-25,94.17424099966885
SKU0137,2024-01-07,6.801913634686186
SKU0137,2024-01-14,6.678027141777502
SKU0137,2024-01-21,6.630938070857996
SKU0137,2024-01-28,6.64728603376384
SKU0137,2024-02-04,6.679613073102065
SKU0137,2024-02-11,6.679613073102065
SKU0137,2024-02-18,6.679613073102065
SKU0137,2024-02-25,6.679613073102065
SKU0138,2024-01-07,16.785609316172444
SKU0138,2024-01-14,16.81933041475785
SKU0138,2024-01-21,16.876505310694863
SKU0138,2024-01-28,17.07487924844268
SKU0138,2024-02-04,16.90409112856797
SKU0138,2024-02-11,19.194282283625114
SKU0138,2024-02-18,19.561271365891727
SKU0138,2024-02-25,19.717775085918863
SKU0139,2024-01-07,55.36234341855246
SKU0139,2024-01-14,55.248448742724115
SKU0139,2024-01-21,55.5988161562396
SKU0139,2024-01-28,56.39210743708531
SKU0139,2024-02-04,56.192041029830676
SKU0139,2024-02-11,54.56283870335155
SKU0139,2024-02-18,54.19489072255087
SKU0139,2024-02-25,55.038854924618846
SKU0140,2024-01-07,4.9394093271342046
SKU0140,2024-01-14,4.787789008907036
SKU0140,2024-01-21,4.91315728899489
SKU0140,2024-01-28,5.238901087764121
SKU0140,2024-02-04,5.08909032118686
SKU0140,2024-02-11,5.08909032118686
SKU0140,2024-02-18,4.801282821133469
SKU0140,2024-02-25,4.714618207266308
SKU0141,2024-01-07,29.338925069469976
SKU0141,2024-01-14,28.366020146133554
SKU0141,2024-01-21,29.29625277715974
SKU0141,2024-01-28,31.644568606824034
SKU0141,2024-02-04,29.151100626084432
SKU0141,2024-02-11,29.151100626084432
SKU0141,2024-02-18,29.191228690737596
SKU0141,2024-02-25,29.151100626084432
SKU0142,2024-01-07,67.76205332997027
SKU0142,2024-01-14,64.16816963723207
SKU0142,2024-01-21,64.2635548800893
SKU0142,2024-01-28,63.56174152415466
SKU0142,2024-02-04,59.4582449550616
SKU0142,2024-02-11,60.41724230892594
SKU0142,2024-02-18,62.871508240525095
SKU0142,2024-02-25,61.05346955206578
SKU0143,2024-01-07,3.9099893630495837
SKU0143,2024-01-14,3.49489926527739
SKU0143,2024-01-21,3.3625444530534407
SKU0143,2024-01-28,3.3625444530534407
SKU0143,2024-02-04,3.319004362861923
SKU0143,2024-02-11,3.669138756274109
SKU0143,2024-02-18,3.7104227993730032
SKU0143,2024-02-25,3.411528317998665
SKU0144,2024-01-07,23.643105678101104
SKU0144,2024-01-14,23.61943401683999
SKU0144,2024-01-21,23.48707920461604
SKU0144,2024-01-28,23.48707920461604
SKU0144,2024-02-04,26.128235880204503
SKU0144,2024-02-11,23.128048446471954
SKU0144,2024-02-18,25.98394281480253
SKU0144,2024-02-25,30.498283502942613
SKU0145,2024-01-07,23.902517326069923
SKU0145,2024-01-14,23.852916569762353
SKU0145,2024-01-21,24.031949610070697
SKU0145,2024-01-28,24.031949610070697
SKU0145,2024-02-04,23.2649744748869
SKU0145,2024-02-11,24.760337111027763
SKU0145,2024-02-18,23.199254079083975
SKU0145,2024-02-25,23.09475231443847
SKU0146,2024-01-07,51.52901589240064
SKU0146,2024-01-14,50.987430349289205
SKU0146,2024-01-21,51.856359793195935
SKU0146,2024-01-28,52.3192864850808
SKU0146,2024-02-04,53.33464696890004
SKU0146,2024-02-11,79.26022598261447
SKU0146,2024-02-18,55.53854180797991
SKU0146,2024-02-25,55.12878745345622
SKU0147,2024-01-07,6.934740095546057
SKU0147,2024-01-14,6.700241511830844
SKU0147,2024-01-21,7.095047680869186
SKU0147,2024-01-28,7.022047644667918
SKU0147,2024-02-04,6.679613073102065
SKU0147,2024-02-11,6.679613073102065
SKU0147,2024-02-18,6.629470684711328
SKU0147,2024-02-25,6.391805573048674
SKU0148,2024-01-07,3.197089172767398
SKU0148,2024-01-14,3.8002976075685018
SKU0148,2024-01-21,3.3625444530534407
SKU0148,2024-01-28,3.3625444530534407
SKU0148,2024-02-04,3.020109881487586
SKU0148,2024-02-11,3.0613939245864805
SKU0148,2024-02-18,3.0613939245864805
SKU0148,2024-02-25,3.123720817945274
SKU0149,2024-01-07,43.4446560589854
SKU0149,2024-01-14,41.67151723054021
SKU0149,2024-01-21,43.47353589551822
SKU0149,2024-01-28,42.054499742550405
SKU0149,2024-02-04,43.271783928049416
SKU0149,2024-02-11,40.95234589384028
SKU0149,2024-02-18,40.612793802013066
SKU0149,2024-02-25,38.85065977854339
SKU0150,2024-01-07,27.280939605421402
SKU0150,2024-01-14,26.16517013389816
SKU0150,2024-01-21,27.3060797453282
SKU0150,2024-01-28,27.13139637388022
SKU0150,2024-02-04,25.130281674328668
SKU0150,2024-02-11,25.63104248758922
SKU0150,2024-02-18,25.4365913995907
SKU0150,2024-02-25,25.36267720776343
SKU0151,2024-01-07,20.36196762886379
SKU0151,2024-01-14,21.551737074153678
SKU0151,2024-01-21,19.352989077146514
SKU0151,2024-01-28,21.10050766945205
SKU0151,2024-02-04,20.182278023254852
SKU0151,2024-02-11,20.92972034121841
SKU0151,2024-02-18,19.754581327680864
SKU0151,2024-02-25,19.008757111710878
SKU0152,2024-01-07,28.604204256861063
SKU0152,2024-01-14,28.313895919830642
SKU0152,2024-01-21,27.8245891647487
SKU0152,2024-01-28,28.219409339827845
SKU0152,2024-02-04,27.829801412491584
SKU0152,2024-02-11,26.31361809126235
SKU0152,2024-02-18,26.095410834033103
SKU0152,2024-02-25,26.06948173898665
SKU0153,2024-01-07,11.023042589724756
SKU0153,2024-01-14,10.600093487069037
SKU0153,2024-01-21,10.812256444532881
SKU0153,2024-01-28,10.709095782195995
SKU0153,2024-02-04,11.075029045001507
SKU0153,2024-02-11,11.115437651742342
SKU0153,2024-02-18,11.075029045001507
SKU0153,2024-02-25,11.221992793973572
SKU0154,2024-01-07,27.332615327185387
SKU0154,2024-01-14,27.960218781727832
SKU0154,2024-01-21,28.64778160894117
SKU0154,2024-01-28,29.905880921666228
SKU0154,2024-02-04,28.710470540060577
SKU0154,2024-02-11,35.613033895289696
SKU0154,2024-02-18,34.5810290567605
SKU0154,2024-02-25,36.315287211000616
SKU0155,2024-01-07,28.110006805804787
SKU0155,2024-01-14,27.726422288595035
SKU0155,2024-01-21,27.53147834622887
SKU0155,2024-01-28,27.594067476371087
SKU0155,2024-02-04,26.239703899435078
SKU0155,2024-02-11,26.31361809126235
SKU0155,2024-02-18,25.838960050609035
SKU0155,2024-02-25,25.187684934805475
SKU0156,2024-01-07,10.4525653828681
SKU0156,2024-01-14,10.428893721606986
SKU0156,2024-01-21,10.585229285514487
SKU0156,2024-01-28,10.709095782195995
SKU0156,2024-02-04,10.702880778929382
SKU0156,2024-02-11,10.662472172188547
SKU0156,2024-02-18,10.702880778929382
SKU0156,2024-02-25,10.908964220938884
SKU0157,2024-01-07,159.6948933782065
SKU0157,2024-01-14,145.0212086744214
SKU0157,2024-01-21,147.5617459818162
SKU0157,2024-01-28,144.95192380846703
SKU0157,2024-02-04,146.04927520752238
SKU0157,2024-02-11,147.745003991949
SKU0157,2024-02-18,143.85662856803057
SKU0157,2024-02-25,145.26830177766655
SKU0158,2024-01-07,29.615691411587783
SKU0158,2024-01-14,27.726422288595035
SKU0158,2024-01-21,28.241387565511168
SKU0158,2024-01-28,27.61999657141754
SKU0158,2024-02-04,27.020453152613754
SKU0158,2024-02-11,26.949613118717377
SKU0158,2024-02-18,28.320995656352604
SKU0158,2024-02-25,34.30602703395773
SKU0159,2024-01-07,6.065317689315765
SKU0159,2024-01-14,6.411108217346709
SKU0159,2024-01-21,6.60316211291591
SKU0159,2024-01-28,6.60316211291591
SKU0159,2024-02-04,6.2607275413500565
SKU0159,2024-02-11,6.362341245560343
SKU0159,2024-02-18,6.074533745506953
SKU0159,2024-02-25,6.074533745506953
SKU0160,2024-01-07,41.26665821533067
SKU0160,2024-01-14,37.12154452642218
SKU0160,2024-01-21,38.78757207852946
SKU0160,2024-01-28,39.104128754130876
SKU0160,2024-02-04,37.630103437175485
SKU0160,2024-02-11,35.40991250614873
SKU0160,2024-02-18,35.14169710668172
SKU0160,2024-02-25,34.872070011909955
SKU0161,2024-01-07,7.344451361946129
SKU0161,2024-01-14,7.195686499990761
SKU0161,2024-01-21,7.834523363599575
SKU0161,2024-01-28,7.672994590979482
SKU0161,2024-02-04,8.05760250502223
SKU0161,2024-02-11,8.098886548121124
SKU0161,2024-02-18,8.05760250502223
SKU0161,2024-02-25,8.05760250502223
SKU0162,2024-01-07,52.13154679189609
SKU0162,2024-01-14,54.302456527057736
SKU0162,2024-01-21,52.52301115604966
SKU0162,2024-01-28,53.50810517204523
SKU0162,2024-02-04,53.96238907135923
SKU0162,2024-02-11,84.33975416856983
SKU0162,2024-02-18,57.104011775981064
SKU0162,2024-02-25,56.32346182993826
SKU0163,2024-01-07,65.21274835943788
SKU0163,2024-01-14,63.454895735512956
SKU0163,2024-01-21,61.8278076466404
SKU0163,2024-01-28,60.48576153738646
SKU0163,2024-02-04,61.37363950968607
SKU0163,2024-02-11,70.6011859961814
SKU0163,2024-02-18,72.83844521997463
SKU0163,2024-02-25,70.96410417715546
SKU0164,2024-01-07,9.183553650353186
SKU0164,2024-01-14,9.26925388669208
SKU0164,2024-01-21,9.112221739613489
SKU0164,2024-01-28,9.517735250208112
SKU0164,2024-02-04,9.367835006745745
SKU0164,2024-02-11,9.367835006745745
SKU0164,2024-02-18,9.367835006745745
SKU0164,2024-02-25,9.367835006745745
SKU0165,2024-01-07,64.46072990976859
SKU0165,2024-01-14,60.97226062649062
SKU0165,2024-01-21,60.944202971114514
SKU0165,2024-01-28,60.33177113523018
SKU0165,2024-02-04,60.950948052644534
SKU0165,2024-02-11,66.87247554110529
SKU0165,2024-02-18,66.42933250750318
SKU0165,2024-02-25,68.69838813818328
SKU0166,2024-01-07,21.475882121836904
SKU0166,2024-01-14,21.620834438885858
SKU0166,2024-01-21,22.801014851547347
SKU0166,2024-01-28,21.567565401949818
SKU0166,2024-02-04,21.434904629941947
SKU0166,2024-02-11,21.4608337249884
SKU0166,2024-02-18,28.67113950613921
SKU0166,2024-02-25,22.643140062881475
SKU0167,2024-01-07,49.30260198073072
SKU0167,2024-01-14,47.02110455990998
SKU0167,2024-01-21,49.24855318697464
SKU0167,2024-01-28,48.53361647379202
SKU0167,2024-02-04,47.415206933787
SKU0167,2024-02-11,46.192597848004674
SKU0167,2024-02-18,59.14520732604509
SKU0167,2024-02-25,48.64769738025838
SKU0168,2024-01-07,214.66135390478797
SKU0168,2024-01-14,214.05803309319248
SKU0168,2024-01-21,186.49989965393104
SKU0168,2024-01-28,178.02845162685463
SKU0168,2024-02-04,191.93738590755365
SKU0168,2024-02-11,197.91751909301803
SKU0168,2024-02-18,199.37278273948084
SKU0168,2024-02-25,194.75211636515033
SKU0169,2024-01-07,19.121779602556874
SKU0169,2024-01-14,17.85156057256746
SKU0169,2024-01-21,18.860734388255196
SKU0169,2024-01-28,19.312523977861055
SKU0169,2024-02-04,18.762600339461464
SKU0169,2024-02-11,18.5555322657995
SKU0169,2024-02-18,18.592378179013036
SKU0169,2024-02-25,18.592378179013036
SKU0170,2024-01-07,7.431115975813289
SKU0170,2024-01-14,8.380160010472439
SKU0170,2024-01-21,7.275089502328226
SKU0170,2024-01-28,8.448807687313991
SKU0170,2024-02-04,7.610370787278496
SKU0170,2024-02-11,8.05760250502223
SKU0170,2024-02-18,7.941294578702094
SKU0170,2024-02-25,8.05760250502223
SKU0171,2024-01-07,6.349514137303379
SKU0171,2024-01-14,6.251815731536497
SKU0171,2024-01-21,6.4438696271056966
SKU0171,2024-01-28,6.60316211291591
SKU0171,2024-02-04,6.362341245560343
SKU0171,2024-02-11,6.362341245560343
SKU0171,2024-02-18,6.362341245560343
SKU0171,2024-02-25,6.362341245560343
SKU0172,2024-01-07,6.384426975496893
SKU0172,2024-01-14,6.7355169251398594
SKU0172,2024-01-21,6.60316211291591
SKU0172,2024-01-28,6.704775817126197
SKU0172,2024-02-04,6.679613073102065
SKU0172,2024-02-11,6.514947997640679
SKU0172,2024-02-18,6.464805609249943
SKU0172,2024-02-25,6.629470684711328
SKU0173,2024-01-07,13.554600551987035
SKU0173,2024-01-14,14.849411537738959
SKU0173,2024-01-21,14.847505128724361
SKU0173,2024-01-28,15.011688831562536
SKU0173,2024-02-04,15.13255535762016
SKU0173,2024-02-11,15.13255535762016
SKU0173,2024-02-18,15.172963964360994
SKU0173,2024-02-25,15.172963964360994
SKU0174,2024-01-07,33.157543816543786
SKU0174,2024-01-14,31.20310703185558
SKU0174,2024-01-21,31.834717585226258
SKU0174,2024-01-28,31.689322169592128
SKU0174,2024-02-04,31.179817729559492
SKU0174,2024-02-11,31.219945794212656
SKU0174,2024-02-18,31.038250417107164
SKU0174,2024-02-25,30.552491652159258
SKU0175,2024-01-07,24.000987472153927
SKU0175,2024-01-14,23.852916569762353
SKU0175,2024-01-21,23.720561757538405
SKU0175,2024-01-28,26.69800135265803
SKU0175,2024-02-04,25.597438852026258
SKU0175,2024-02-11,29.287781236223786
SKU0175,2024-02-18,25.675592707522448
SKU0175,2024-02-25,26.252953631498738
SKU0176,2024-01-07,64.98485694986934
SKU0176,2024-01-14,64.17357924431238
SKU0176,2024-01-21,61.71617149095328
SKU0176,2024-01-28,61.507319092492644
SKU0176,2024-02-04,62.234666973670926
SKU0176,2024-02-11,60.68871760308318
SKU0176,2024-02-18,61.94195977645442
SKU0176,2024-02-25,62.0998820462579
SKU0177,2024-01-07,21.587922869889944
SKU0177,2024-01-14,20.185793615240872
SKU0177,2024-01-21,21.10050766945205
SKU0177,2024-01-28,20.053438803016924
SKU0177,2024-02-04,19.178979272159307
SKU0177,2024-02-11,20.665797202829513
SKU0177,2024-02-18,20.569489234208355
SKU0177,2024-02-25,19.5828173074415
SKU0178,2024-01-07,80.70229936436253
SKU0178,2024-01-14,76.47063386326084
SKU0178,2024-01-21,75.1799557220568
SKU0178,2024-01-28,79.15965184628762
SKU0178,2024-02-04,80.6463037023872
SKU0178,2024-02-11,78.0600893988331
SKU0178,2024-02-18,86.00483094662766
SKU0178,2024-02-25,78.21743759801811
SKU0179,2024-01-07,17.6783199070606
SKU0179,2024-01-14,17.486033101280697
SKU0179,2024-01-21,17.719205760343513
SKU0179,2024-01-28,17.719205760343513
SKU0179,2024-02-04,17.508401144343384
SKU0179,2024-02-11,17.508401144343384
SKU0179,2024-02-18,17.582315336170655
SKU0179,2024-02-25,20.728594972584503
SKU0180,2024-01-07,446.36010749614184
SKU0180,2024-01-14,447.2156817963365
SKU0180,2024-01-21,447.2156817963365
SKU0180,2024-01-28,453.457170518537
SKU0180,2024-02-04,443.13022634743254
SKU0180,2024-02-11,447.233797574441
SKU0180,2024-02-18,427.3982498913337
SKU0180,2024-02-25,437.93889987137163
SKU0181,2024-01-07,38.18190137220855
SKU0181,2024-01-14,34.880833587673536
SKU0181,2024-01-21,36.244552921517005
SKU0181,2024-01-28,35.1232186882248
SKU0181,2024-02-04,33.34147573299764
SKU0181,2024-02-11,34.15930870121399
SKU0181,2024-02-18,40.59516845473651
SKU0181,2024-02-25,34.84209632956973
SKU0182,2024-01-07,11.110283694426643
SKU0182,2024-01-14,10.866954274971569
SKU0182,2024-01-21,10.264796651525703
SKU0182,2024-01-28,10.50615375887661
SKU0182,2024-02-04,10.11494857658485
SKU0182,2024-02-11,10.832340112870334
SKU0182,2024-02-18,11.36663966167406
SKU0182,2024-02-25,11.36663966167406
SKU0183,2024-01-07,5.19761323420819
SKU0183,2024-01-14,5.1024488850611265
SKU0183,2024-01-21,4.912848134428219
SKU0183,2024-01-28,5.110379968548673
SKU0183,2024-02-04,4.8546100108499814
SKU0183,2024-02-11,4.8341576792924625
SKU0183,2024-02-18,4.971717119092378
SKU0183,2024-02-25,5.131009604902591
SKU0184,2024-01-07,45.541762427032225
SKU0184,2024-01-14,41.545207940923376
SKU0184,2024-01-21,40.28564318120118
SKU0184,2024-01-28,38.83457374938055
SKU0184,2024-02-04,39.157478336149886
SKU0184,2024-02-11,37.98347212495776
SKU0184,2024-02-18,37.97077669300852
SKU0184,2024-02-25,57.09999983230012
SKU0185,2024-01-07,13.54680297746312
SKU0185,2024-01-14,13.572302596193301
SKU0185,2024-01-21,12.315611148606216
SKU0185,2024-01-28,12.21252948189088
SKU0185,2024-02-04,11.941872784624863
SKU0185,2024-02-11,11.391860734655358
SKU0185,2024-02-18,11.391860734655358
SKU0185,2024-02-25,11.391860734655358
SKU0186,2024-01-07,59.25528860353691
SKU0186,2024-01-14,52.58379489121573
SKU0186,2024-01-21,51.627527600668955
SKU0186,2024-01-28,51.67999952125623
SKU0186,2024-02-04,54.132287093882006
SKU0186,2024-02-11,54.179443080747525
SKU0186,2024-02-18,52.764212158134015
SKU0186,2024-02-25,61.10257988754229
SKU0187,2024-01-07,26.5239904522088
SKU0187,2024-01-14,24.239665062704546
SKU0187,2024-01-21,23.890419074757993
SKU0187,2024-01-28,24.027345103172937
SKU0187,2024-02-04,23.66766327056201
SKU0187,2024-02-11,28.460097481690962
SKU0187,2024-02-18,24.888792725242645
SKU0187,2024-02-25,23.488281774120026
SKU0188,2024-01-07,15.795828883236084
SKU0188,2024-01-14,14.126267522461761
SKU0188,2024-01-21,13.834530234305863
SKU0188,2024-01-28,15.740549963468451
SKU0188,2024-02-04,14.247556175717113
SKU0188,2024-02-11,13.48886787955622
SKU0188,2024-02-18,14.297492977856969
SKU0188,2024-02-25,14.046081680838272
SKU0189,2024-01-07,8.975044780575411
SKU0189,2024-01-14,8.81245845328019
SKU0189,2024-01-21,8.457420047742064
SKU0189,2024-01-28,9.431208486707071
SKU0189,2024-02-04,9.00484551851853
SKU0189,2024-02-11,9.428331049827525
SKU0189,2024-02-18,9.354116938124296
SKU0189,2024-02-25,10.030718453132364
SKU0190,2024-01-07,4.4346903742532575
SKU0190,2024-01-14,4.358820602360463
SKU0190,2024-01-21,4.169219851727556
SKU0190,2024-01-28,4.45341629971517
SKU0190,2024-02-04,4.189935877863214
SKU0190,2024-02-11,4.148651834764321
SKU0190,2024-02-18,4.148651834764321
SKU0190,2024-02-25,4.148651834764321
SKU0191,2024-01-07,8.56858146822134
SKU0191,2024-01-14,8.731715361120337
SKU0191,2024-01-21,8.254601338710296
SKU0191,2024-01-28,8.254601338710296
SKU0191,2024-02-04,8.35191191726117
SKU0191,2024-02-11,8.312165008449382
SKU0191,2024-02-18,8.846464557253109
SKU0191,2024-02-25,8.846464557253109
SKU0192,2024-01-07,53.515556921640545
SKU0192,2024-01-14,51.4534097095966
SKU0192,2024-01-21,48.217025614094766
SKU0192,2024-01-28,49.817468533070986
SKU0192,2024-02-04,53.906353624210446
SKU0192,2024-02-11,50.20024586669706
SKU0192,2024-02-18,74.6252468950001
SKU0192,2024-02-25,54.35466739013493
SKU0193,2024-01-07,26.98689771618442
SKU0193,2024-01-14,24.7608427735941
SKU0193,2024-01-21,24.401938812491096
SKU0193,2024-01-28,26.34580027268929
SKU0193,2024-02-04,23.841780107161902
SKU0193,2024-02-11,23.875947390177384
SKU0193,2024-02-18,23.82042168731867
SKU0193,2024-02-25,23.08641018360642
SKU0194,2024-01-07,4.528249693054696
SKU0194,2024-01-14,4.358820602360463
SKU0194,2024-01-21,4.426830290002997
SKU0194,2024-01-28,4.5323704494290675
SKU0194,2024-02-04,4.189935877863214
SKU0194,2024-02-11,3.902128377809824
SKU0194,2024-02-18,3.902128377809824
SKU0194,2024-02-25,3.902128377809824
SKU0195,2024-01-07,26.32162631134221
SKU0195,2024-01-14,24.084124494212134
SKU0195,2024-01-21,23.983677228655655
SKU0195,2024-01-28,24.123901627680358
SKU0195,2024-02-04,23.530737242147065
SKU0195,2024-02-11,23.308674133627257
SKU0195,2024-02-18,27.00660518095622
SKU0195,2024-02-25,26.064725215084106
SKU0196,2024-01-07,32.41910536101298
SKU0196,2024-01-14,29.874220662199708
SKU0196,2024-01-21,29.59931157252588
SKU0196,2024-01-28,29.59931157252588
SKU0196,2024-02-04,35.70860648830282
SKU0196,2024-02-11,45.4995377765891
SKU0196,2024-02-18,33.54616788699415
SKU0196,2024-02-25,33.04564563626372
SKU0197,2024-01-07,5.80475980156615
SKU0197,2024-01-14,5.5654888159475515
SKU0197,2024-01-21,5.247373051071466
SKU0197,2024-01-28,5.353332242192897
SKU0197,2024-02-04,5.010897670627044
SKU0197,2024-02-11,4.971150761815255
SKU0197,2024-02-18,5.646448919013697
SKU0197,2024-02-25,5.768026371074373
SKU0198,2024-01-07,27.784743512695712
SKU0198,2024-01-14,24.25858631832948
SKU0198,2024-01-21,25.00080492081561
SKU0198,2024-01-28,26.35344339269502
SKU0198,2024-02-04,23.842125094679357
SKU0198,2024-02-11,24.275191474581504
SKU0198,2024-02-18,24.104969314133076
SKU0198,2024-02-25,24.104969314133076
SKU0199,2024-01-07,25.65279707996986
SKU0199,2024-01-14,23.85064194128977
SKU0199,2024-01-21,23.809215404538307
SKU0199,2024-01-28,23.809215404538307
SKU0199,2024-02-04,22.98256846608265
SKU0199,2024-02-11,22.94282155727086
SKU0199,2024-02-18,32.77381802393527
SKU0199,2024-02-25,23.394682364714118
SKU0200,2024-01-07,4.946425073958139
SKU0200,2024-01-14,4.721971200061975
SKU0200,2024-01-21,4.816566897416683
SKU0200,2024-01-28,4.816566897416683
SKU0200,2024-02-04,4.731855418162634
SKU0200,2024-02-11,4.769482531269925
SKU0200,2024-02-18,5.066334456880053
SKU0200,2024-02-25,5.152999070747215
