sku_id,inventory_units,forecast_8w_units,average_weekly_demand,peak_weekly_demand,forecast_std,days_of_cover,weeks_of_cover,stockout_gap_units,excess_inventory_units,stockout_probability_score,stockout_score,overstock_score,risk_score,stockout_risk,overstock_risk,risk_level,safety_stock_units,target_inventory_units,recommended_replenishment_units,inventory_value,excess_inventory_value,recommended_action,minimum_weekly_demand,snapshot_date,on_order_units,lead_time_days,reorder_point
SKU0001,131,246.26807677996914,30.783509597496142,32.143167870336285,0.9279850748884897,29.78867620976481,4.255525172823544,115.26807677996914,0.0,0.46805935339705695,40,40,40.0,MEDIUM,MEDIUM,MEDIUM,61.567019194992284,307.8350959749614,176.8350959749614,0,0,MONITOR STOCK - consider planned replenishment,29.716372571579743,2023-12-25,0,7.0,33
SKU0002,49,91.25526854370268,11.406908567962835,11.775797052502964,0.18181811324379296,30.06949674018966,4.295642391455666,42.255268543702684,0.0,0.46304470106804174,40,40,40.0,MEDIUM,MEDIUM,MEDIUM,22.81381713592567,114.06908567962836,65.06908567962836,0,0,MONITOR STOCK - consider planned replenishment,11.221992793973572,2023-12-25,0,10.0,22
SKU0003,128,289.7900409026565,36.22375511283206,40.06663285275772,2.1971478676124288,24.735149550594137,3.5335927929420197,161.79004090265647,0.0,0.5583009008822475,70,10,46.0,HIGH,LOW,MEDIUM,72.44751022566412,362.2375511283206,234.2375511283206,0,0,REPLENISH SOON - increase replenishment priority,34.030829312641686,2023-12-25,0,10.0,56
SKU0004,656,1179.9217514684806,147.49021893356007,152.6574846442388,2.5271395758398674,31.13426797521101,4.447752567887287,523.9217514684806,0.0,0.4440309290140891,40,40,40.0,MEDIUM,MEDIUM,MEDIUM,294.98043786712014,1474.9021893356007,818.9021893356007,0,0,MONITOR STOCK - consider planned replenishment,144.81943045081755,2023-12-25,1161,10.0,162
SKU0005,75,83.84694564362292,10.480868205452865,10.757535741485686,0.3083502113513654,50.09127008455837,7.155895726365481,8.846945643622917,0.0,0.10551303420431489,40,40,40.0,MEDIUM,MEDIUM,MEDIUM,20.96173641090573,104.80868205452865,29.808682054528646,0,0,MONITOR STOCK - consider planned replenishment,9.94574233383211,2023-12-25,0,30.0,59
SKU0006,13,111.27075099911421,13.908843874889277,14.84750512872436,0.5896770737212792,6.5425998608187275,0.934657122974104,98.27075099911421,0.0,0.883167859628237,100,10,64.0,VERY HIGH,LOW,HIGH,27.817687749778553,139.08843874889277,126.08843874889277,0,0,URGENT REPLENISHMENT - prioritize purchase/order immediately,13.162245303334306,2023-12-25,129,14.0,27
SKU0007,716,1291.7600453964515,161.47000567455643,170.07601191007268,6.911237930700081,31.039820547858962,4.434260078265566,575.7600453964515,0.0,0.44571749021680424,40,40,40.0,MEDIUM,MEDIUM,MEDIUM,322.94001134911286,1614.7000567455643,898.7000567455643,0,0,MONITOR STOCK - consider planned replenishment,153.2521344366582,2023-12-25,0,21.0,364
SKU0008,184,301.7795582597783,37.72244478247229,47.950603265861936,4.4312408404014665,34.14412844732875,4.877732635332679,117.7795582597783,0.0,0.3902834205834152,40,40,40.0,MEDIUM,MEDIUM,MEDIUM,75.44488956494457,377.22444782472286,193.22444782472286,0,0,MONITOR STOCK - consider planned replenishment,33.6103398682976,2023-12-25,0,14.0,91
SKU0009,27,76.20475264625618,9.525594080782023,9.834499869199696,0.22058556813768676,19.841282170663696,2.834468881523385,49.20475264625618,0.0,0.6456913898095769,70,10,46.0,HIGH,LOW,MEDIUM,19.051188161564045,95.25594080782022,68.25594080782022,0,0,REPLENISH SOON - increase replenishment priority,9.203303614107323,2023-12-25,0,14.0,20
SKU0010,153,291.1940923711579,36.39926154639474,46.45117834365227,4.491884997405617,29.42367384664923,4.2033819780927475,138.19409237115792,0.0,0.47457725273840656,40,40,40.0,MEDIUM,MEDIUM,MEDIUM,72.79852309278948,363.9926154639474,210.9926154639474,0,0,MONITOR STOCK - consider planned replenishment,32.64907486314127,2023-12-25,0,10.0,50
SKU0011,31,78.4909833331944,9.8113729166493,10.296538909383036,0.23707229931874937,22.117190106163864,3.159598586594838,47.49098333319439,0.0,0.6050501766756452,70,10,46.0,HIGH,LOW,MEDIUM,19.6227458332986,98.11372916649299,67.11372916649299,0,0,REPLENISH SOON - increase replenishment priority,9.598206849799642,2023-12-25,0,14.0,20
SKU0012,53,93.49191686934547,11.686489608668184,12.543263924846482,0.4889631079024327,31.74605997380251,4.53515142482893,40.491916869345474,0.0,0.4331060718963837,40,40,40.0,MEDIUM,MEDIUM,MEDIUM,23.37297921733637,116.86489608668184,63.86489608668184,0,0,MONITOR STOCK - consider planned replenishment,11.221992793973572,2023-12-25,104,21.0,31
SKU0013,41,190.55831338582865,23.819789173228582,24.67865350968326,0.7344591608293349,12.048805214555115,1.7212578877935878,149.55831338582865,0.0,0.7848427640258016,100,10,64.0,VERY HIGH,LOW,HIGH,47.639578346457164,238.19789173228583,197.19789173228583,0,0,URGENT REPLENISHMENT - prioritize purchase/order immediately,23.00899263923787,2023-12-25,182,14.0,48
SKU0014,10,20.482896354596257,2.560362044324532,2.8076725104466527,0.19082981530242268,27.339883496229227,3.905697642318461,10.482896354596257,0.0,0.5117877947101924,70,10,46.0,HIGH,LOW,MEDIUM,5.120724088649064,25.60362044324532,15.603620443245319,0,0,REPLENISH SOON - increase replenishment priority,2.2512146535395505,2023-12-25,17,14.0,3
SKU0015,5,34.52695315684275,4.315869144605344,4.669742694891719,0.200976413879895,8.109606391507151,1.158515198786736,29.52695315684275,0.0,0.855185600151658,100,10,64.0,VERY HIGH,LOW,HIGH,8.631738289210688,43.15869144605344,38.15869144605344,0,0,URGENT REPLENISHMENT - prioritize purchase/order immediately,4.070087220228511,2023-12-25,0,7.0,2
SKU0016,38,80.46449326626059,10.058061658282574,10.662472172188547,0.32243257908032014,26.446447540014365,3.7780639342877667,42.46449326626059,0.0,0.5277420082140292,70,10,46.0,HIGH,LOW,MEDIUM,20.116123316565147,100.58061658282574,62.58061658282574,0,0,REPLENISH SOON - increase replenishment priority,9.759040189037506,2023-12-25,0,7.0,9
SKU0017,24,47.719910244484694,5.964988780560587,6.568249274722396,0.31290608629587124,28.164344675299027,4.0234778107570035,23.719910244484694,0.0,0.4970652736553745,40,40,40.0,MEDIUM,MEDIUM,MEDIUM,11.929977561121174,59.64988780560587,35.64988780560587,0,0,MONITOR STOCK - consider planned replenishment,5.563879704976663,2023-12-25,0,14.0,10
SKU0018,107,183.57616414137956,22.947020517672446,23.405875534396355,0.30193525440201957,32.64040311565348,4.66291473080764,76.57616414137956,0.0,0.417135658649045,40,40,40.0,MEDIUM,MEDIUM,MEDIUM,45.89404103534489,229.47020517672445,122.47020517672445,0,0,MONITOR STOCK - consider planned replenishment,22.643140062881475,2023-12-25,0,7.0,26
SKU0019,24,46.12489723498395,5.7656121543729935,5.980030725161682,0.35683154690994084,29.138276301255974,4.162610900179425,22.124897234983948,0.0,0.47967363747757186,40,40,40.0,MEDIUM,MEDIUM,MEDIUM,11.531224308745987,57.65612154372994,33.65612154372994,0,0,MONITOR STOCK - consider planned replenishment,4.962566042953559,2023-12-25,0,10.0,8
SKU0020,15,25.14025426736399,3.1425317834204987,3.4908481993008937,0.2538309804996013,33.4125498917667,4.773221413109528,10.14025426736399,0.0,0.4033473233613089,40,40,40.0,MEDIUM,MEDIUM,MEDIUM,6.285063566840997,31.425317834204986,16.425317834204986,0,0,MONITOR STOCK - consider planned replenishment,2.773586424533089,2023-12-25,0,7.0,3
SKU0021,0,1011.2936789515097,126.41170986893871,135.35369563477488,4.175445973788455,0.0,0.0,1011.2936789515097,0.0,1.0,100,10,64.0,VERY HIGH,LOW,HIGH,252.82341973787743,1264.1170986893871,1264.1170986893871,0,0,URGENT REPLENISHMENT - prioritize purchase/order immediately,121.84178516064188,2023-12-25,982,10.0,151
SKU0022,99,94.00745567439064,11.75093195929883,12.392471175807056,0.4816539606787162,58.9740458374121,8.42486369105887,0.0,4.992544325609359,0.0,10,70,34.0,LOW,HIGH,MEDIUM,23.50186391859766,117.5093195929883,18.509319592988305,0,0,REDUCE INVENTORY - slow purchasing and consider promotion,11.221992793973572,2023-12-25,81,7.0,13
SKU0023,43,156.6545432522737,19.581817906534212,25.37598682071912,2.350191808786903,15.371402258804581,2.1959146084006544,113.6545432522737,0.0,0.7255106739499182,70,10,46.0,HIGH,LOW,MEDIUM,39.163635813068424,195.81817906534212,152.81817906534212,0,0,REPLENISH SOON - increase replenishment priority,18.433416846058112,2023-12-25,0,7.0,19
SKU0024,18,22.089638951119824,2.761204868889978,2.8709602867493267,0.06424853883595838,45.63225330348371,6.518893329069101,4.089638951119824,0.0,0.18513833386636233,40,40,40.0,MEDIUM,MEDIUM,MEDIUM,5.522409737779956,27.61204868889978,9.61204868889978,0,0,MONITOR STOCK - consider planned replenishment,2.698628127716481,2023-12-25,0,7.0,3
SKU0025,47,73.78708773983392,9.22338596747924,9.792762657949464,0.3556100961201277,35.670197599885974,5.095742514269426,26.78708773983392,0.0,0.36303218571632184,40,40,40.0,MEDIUM,MEDIUM,MEDIUM,18.44677193495848,92.2338596747924,45.2338596747924,0,0,MONITOR STOCK - consider planned replenishment,8.687048378400775,2023-12-25,0,21.0,28
SKU0026,125,190.782460331884,23.8478075414855,24.74755180375096,0.7599258101742746,36.69100392050109,5.241571988643013,65.78246033188401,0.0,0.3448035014196234,40,40,40.0,MEDIUM,MEDIUM,MEDIUM,47.695615082971,238.47807541485503,113.47807541485503,0,0,MONITOR STOCK - consider planned replenishment,23.00899263923787,2023-12-25,0,30.0,89
SKU0027,30,28.598520287830762,3.5748150359788453,3.923263017703551,0.349867032905747,58.744298064780416,8.392042580682915,0.0,1.4014797121692375,0.0,10,70,34.0,LOW,HIGH,MEDIUM,7.149630071957691,35.748150359788454,5.748150359788454,0,0,REDUCE INVENTORY - slow purchasing and consider promotion,2.9899128197096383,2023-12-25,31,21.0,13
SKU0028,120,198.36244358831252,24.795305448539064,26.20622055965862,1.181380437985735,33.87738060913836,4.83962580130548,78.36244358831252,0.0,0.395046774836815,40,40,40.0,MEDIUM,MEDIUM,MEDIUM,49.59061089707813,247.95305448539065,127.95305448539065,0,0,MONITOR STOCK - consider planned replenishment,23.125339887256704,2023-12-25,0,10.0,40
SKU0029,27,87.72209013798596,10.965261267248245,11.466234227293269,0.3126383911021366,17.23625141194925,2.4623216302784647,60.72209013798596,0.0,0.692209796215192,70,10,46.0,HIGH,LOW,MEDIUM,21.93052253449649,109.65261267248245,82.65261267248245,0,0,REPLENISH SOON - increase replenishment priority,10.496543779122218,2023-12-25,0,10.0,12
SKU0030,83,100.12258767234759,12.515323459043449,13.07319696586821,0.2679439331074694,46.42309101329499,6.631870144756428,17.122587672347592,0.0,0.1710162319054465,40,40,40.0,MEDIUM,MEDIUM,MEDIUM,25.030646918086898,125.1532345904345,42.153234590434494,0,0,MONITOR STOCK - consider planned replenishment,12.239999091731477,2023-12-25,0,7.0,12
SKU0031,15,82.37906149724876,10.297382687156095,10.908964220938884,0.32958104915468417,10.196765837494443,1.4566808339277777,67.37906149724876,0.0,0.8179148957590278,100,10,64.0,VERY HIGH,LOW,HIGH,20.59476537431219,102.97382687156095,87.97382687156095,0,0,URGENT REPLENISHMENT - prioritize purchase/order immediately,9.905333727091277,2023-12-25,0,10.0,12
SKU0032,1334,1262.2677887817447,157.78347359771809,174.9743986306689,11.02867334305013,59.182370542861776,8.45462436326597,0.0,71.73221121825532,0.0,10,70,34.0,LOW,HIGH,MEDIUM,315.56694719543617,1577.8347359771808,243.8347359771808,0,0,REDUCE INVENTORY - slow purchasing and consider promotion,144.27562948489725,2023-12-25,1074,10.0,241
SKU0033,96,104.58075359299926,13.072594199124907,13.357870831281708,0.12894957236157686,51.40525206886513,7.343607438409305,8.580753592999258,0.0,0.08204907019883688,40,40,40.0,MEDIUM,MEDIUM,MEDIUM,26.145188398249815,130.72594199124907,34.72594199124907,0,0,MONITOR STOCK - consider planned replenishment,12.900550496893729,2023-12-25,0,30.0,77
SKU0034,26,44.6877212368574,5.585965154607175,5.885965930445978,0.2771306114521955,32.58165687802234,4.654522411146049,18.6877212368574,0.0,0.4181846986067439,40,40,40.0,MEDIUM,MEDIUM,MEDIUM,11.17193030921435,55.859651546071746,29.859651546071746,0,0,MONITOR STOCK - consider planned replenishment,5.08909032118686,2023-12-25,27,14.0,10
SKU0035,412,438.507658645399,54.81345733067487,76.73942428542384,9.001844520776375,52.61481651488616,7.516402359269451,26.507658645398976,0.0,0.060449705091318605,40,40,40.0,MEDIUM,MEDIUM,MEDIUM,109.62691466134974,548.1345733067487,136.13457330674873,0,0,MONITOR STOCK - consider planned replenishment,49.490393964022445,2023-12-25,0,21.0,147
SKU0036,29,32.66781646757557,4.083477058446946,4.265697589269401,0.12072521104686704,49.71253593309185,7.1017908475845495,3.6678164675755696,0.0,0.11227614405193134,40,40,40.0,MEDIUM,MEDIUM,MEDIUM,8.166954116893892,40.83477058446946,11.83477058446946,0,0,MONITOR STOCK - consider planned replenishment,3.923263017703551,2023-12-25,43,14.0,8
SKU0037,140,199.99701432007015,24.99962679000877,26.51594573913425,1.0516796933550616,39.20058520200238,5.600083600286054,59.99701432007015,0.0,0.2999895499642432,40,40,40.0,MEDIUM,MEDIUM,MEDIUM,49.99925358001754,249.99626790008767,109.99626790008767,0,0,MONITOR STOCK - consider planned replenishment,23.935101373451285,2023-12-25,0,30.0,100
SKU0038,0,21.252234883981032,2.656529360497629,2.927737552110805,0.2723524549532671,0.0,0.0,21.252234883981032,0.0,1.0,100,10,64.0,VERY HIGH,LOW,HIGH,5.313058720995258,26.56529360497629,26.56529360497629,0,0,URGENT REPLENISHMENT - prioritize purchase/order immediately,2.240718215130082,2023-12-25,14,7.0,1
SKU0039,20,41.53315711320274,5.191644639150343,5.509434578046663,0.13852622972847725,26.966406549526898,3.8523437927895565,21.53315711320274,0.0,0.5184570259013054,70,10,46.0,HIGH,LOW,MEDIUM,10.383289278300685,51.91644639150343,31.916446391503428,0,0,REPLENISH SOON - increase replenishment priority,5.08909032118686,2023-12-25,0,30.0,15
SKU0040,31,251.40670109566258,31.425837636957823,33.37014615096821,1.1960143077656553,6.905146093697144,0.9864494419567349,220.40670109566258,0.0,0.8766938197554082,100,10,64.0,VERY HIGH,LOW,HIGH,62.851675273915646,314.25837636957823,283.25837636957823,0,0,URGENT REPLENISHMENT - prioritize purchase/order immediately,29.638419733298058,2023-12-25,157,10.0,33
SKU0041,309,281.670641242626,35.20883015532825,38.54509928972118,2.1439341486185777,61.43345264405688,8.776207520579554,0.0,27.329358757373996,0.0,10,70,34.0,LOW,HIGH,MEDIUM,70.4176603106565,352.0883015532825,43.08830155328252,0,0,REDUCE INVENTORY - slow purchasing and consider promotion,32.223656591014446,2023-12-25,0,7.0,44
SKU0042,153,136.8397534139384,17.1049691767423,17.719205760343513,0.32337380003494726,62.61338380289181,8.944769114698829,0.0,16.16024658606159,0.0,10,70,34.0,LOW,HIGH,MEDIUM,34.2099383534846,171.049691767423,18.049691767423013,0,0,REDUCE INVENTORY - slow purchasing and consider promotion,16.701098348828094,2023-12-25,0,21.0,67
SKU0043,54,180.919549395738,22.61494367446725,23.17239298147399,0.543379321169856,16.714611605545144,2.3878016579350203,126.91954939573799,0.0,0.7015247927581224,70,10,46.0,HIGH,LOW,MEDIUM,45.2298873489345,226.14943674467247,172.14943674467247,0,0,REPLENISH SOON - increase replenishment priority,21.57060577138613,2023-12-25,0,14.0,31
SKU0044,46,81.67766770882879,10.209708463603599,11.196771720992274,0.42486320929963955,31.538608682891567,4.5055155261273665,35.67766770882879,0.0,0.43681055923407913,40,40,40.0,MEDIUM,MEDIUM,MEDIUM,20.419416927207198,102.09708463603599,56.09708463603599,0,0,MONITOR STOCK - consider planned replenishment,9.905333727091277,2023-12-25,0,10.0,18
SKU0045,10,25.59423909894896,3.19927988736862,3.4275417729357223,0.18737111394981829,21.879923752958792,3.1257033932798275,15.594239098948961,0.0,0.6092870758400216,70,10,46.0,HIGH,LOW,MEDIUM,6.39855977473724,31.9927988736862,21.9927988736862,0,0,REPLENISH SOON - increase replenishment priority,2.937538599852516,2023-12-25,0,7.0,3
SKU0046,46,55.190857045067744,6.898857130633468,7.253745287627143,0.1815828671330352,46.674397498420625,6.667771071202946,9.190857045067744,0.0,0.1665286160996318,40,40,40.0,MEDIUM,MEDIUM,MEDIUM,13.797714261266936,68.98857130633468,22.988571306334677,0,0,MONITOR STOCK - consider planned replenishment,6.724275748207459,2023-12-25,0,10.0,11
SKU0047,0,81.84528049008225,10.23066006126028,10.94937282767972,0.44921221012042994,0.0,0.0,81.84528049008225,0.0,1.0,100,10,64.0,VERY HIGH,LOW,HIGH,20.46132012252056,102.30660061260281,102.30660061260281,0,0,URGENT REPLENISHMENT - prioritize purchase/order immediately,9.704385226481202,2023-12-25,65,7.0,10
SKU0048,307,680.3371340512713,85.04214175640891,94.12015375065766,6.036017378412004,25.26982453188331,3.6099749331261872,373.3371340512713,0.0,0.5487531333592266,70,10,46.0,HIGH,LOW,MEDIUM,170.08428351281782,850.4214175640891,543.4214175640891,0,0,REPLENISH SOON - increase replenishment priority,75.1395199829128,2023-12-25,0,21.0,194
SKU0049,43,208.30829666197513,26.038537082746892,27.861005841431343,1.333037932996631,11.55978920948836,1.651398458498337,165.30829666197513,0.0,0.7935751926877079,100,10,64.0,VERY HIGH,LOW,HIGH,52.077074165493784,260.38537082746893,217.38537082746893,0,0,URGENT REPLENISHMENT - prioritize purchase/order immediately,24.27978535801706,2023-12-25,0,7.0,27
SKU0050,2,27.71939952709664,3.46492494088708,4.006121960545936,0.2717655762883523,4.04049156586225,0.5772130808374641,25.71939952709664,0.0,0.927848364895317,100,10,64.0,VERY HIGH,LOW,HIGH,6.92984988177416,34.6492494088708,32.6492494088708,0,0,URGENT REPLENISHMENT - prioritize purchase/order immediately,3.020109881487586,2023-12-25,17,14.0,4
SKU0051,139,187.04567230806222,23.380709038507778,26.64816867022105,1.3979757882564794,41.61550440568245,5.945072057954636,48.04567230806222,0.0,0.25686599275567046,40,40,40.0,MEDIUM,MEDIUM,MEDIUM,46.761418077015556,233.80709038507777,94.80709038507777,0,0,MONITOR STOCK - consider planned replenishment,21.848732925369863,2023-12-25,150,10.0,38
SKU0052,21,99.20503440452252,12.400629300565315,12.744524023408664,0.17165551126353437,11.854237106603824,1.6934624438005466,78.20503440452252,0.0,0.7883171945249317,100,10,64.0,VERY HIGH,LOW,HIGH,24.80125860113063,124.00629300565315,103.00629300565315,0,0,URGENT REPLENISHMENT - prioritize purchase/order immediately,12.153707381436732,2023-12-25,0,7.0,11
SKU0053,58,71.17096310539195,8.896370388173994,9.25846310914574,0.3337271788579015,45.63658911275756,6.519512730393937,13.170963105391948,0.0,0.1850609087007579,40,40,40.0,MEDIUM,MEDIUM,MEDIUM,17.792740776347987,88.96370388173993,30.96370388173993,0,0,MONITOR STOCK - consider planned replenishment,8.328120641877634,2023-12-25,0,30.0,34
SKU0054,221,306.6225388246973,38.32781735308716,59.97815670914877,8.77009118335039,40.36232968208389,5.7660470974405555,85.6225388246973,0.0,0.2792441128199305,40,40,40.0,MEDIUM,MEDIUM,MEDIUM,76.65563470617433,383.27817353087164,162.27817353087164,0,0,MONITOR STOCK - consider planned replenishment,34.025714039271975,2023-12-25,324,10.0,54
SKU0055,212,535.151937588747,66.89399219859338,72.53209449640421,3.075415192550984,22.184353949071152,3.169193421295879,323.15193758874705,0.0,0.6038508223380151,70,10,46.0,HIGH,LOW,MEDIUM,133.78798439718676,668.9399219859338,456.9399219859338,0,0,REPLENISH SOON - increase replenishment priority,62.38477741871234,2023-12-25,0,10.0,89
SKU0056,128,387.71654142164954,48.46456767770619,52.78682193363552,1.9275227289629413,18.48773326440219,2.6411047520574558,259.71654142164954,0.0,0.669861905992818,70,10,46.0,HIGH,LOW,MEDIUM,96.92913535541238,484.6456767770619,356.6456767770619,0,0,REPLENISH SOON - increase replenishment priority,46.21251531827586,2023-12-25,0,7.0,55
SKU0057,30,60.06568489565,7.50821061195625,7.853331258087833,0.25174144007219096,27.96938056926521,3.9956257956093157,30.06568489565,0.0,0.5005467755488355,70,10,46.0,HIGH,LOW,MEDIUM,15.0164212239125,75.0821061195625,45.082106119562496,0,0,REPLENISH SOON - increase replenishment priority,7.178074118152981,2023-12-25,0,21.0,20
SKU0058,36,75.7128047306062,9.464100591325774,9.891395001261456,0.1927063071132069,26.62693592151462,3.8038479887878025,39.712804730606194,0.0,0.5245190014015246,70,10,46.0,HIGH,LOW,MEDIUM,18.92820118265155,94.64100591325774,58.64100591325774,0,0,REPLENISH SOON - increase replenishment priority,9.295807748916726,2023-12-25,0,14.0,25
SKU0059,208,217.8884145020935,27.236051812761687,28.017502199463323,0.5417563006514203,53.45855596139594,7.636936565913706,9.888414502093497,0.0,0.045382929260786777,40,40,40.0,MEDIUM,MEDIUM,MEDIUM,54.472103625523374,272.36051812761684,64.36051812761684,0,0,MONITOR STOCK - consider planned replenishment,26.622783461718605,2023-12-25,0,14.0,54
SKU0060,263,549.928577228643,68.74107215358038,71.32873445092086,1.9767360978393114,26.78165967337348,3.8259513819104964,286.928577228643,0.0,0.5217560772611879,70,10,46.0,HIGH,LOW,MEDIUM,137.48214430716075,687.4107215358038,424.41072153580376,0,0,REPLENISH SOON - increase replenishment priority,65.79331792059934,2023-12-25,0,30.0,252
SKU0061,19,121.72539219806367,15.21567402475796,15.819233872909312,0.37162703676457065,8.740986418583299,1.2487123455118998,102.72539219806367,0.0,0.8439109568110125,100,10,64.0,VERY HIGH,LOW,HIGH,30.43134804951592,152.1567402475796,133.1567402475796,0,0,URGENT REPLENISHMENT - prioritize purchase/order immediately,14.5638352924076,2023-12-25,0,7.0,10
SKU0062,82,153.21202186657268,19.151502733321585,19.920506160223557,0.551601439382081,29.971538421436808,4.281648345919544,71.21202186657268,0.0,0.46479395676005697,40,40,40.0,MEDIUM,MEDIUM,MEDIUM,38.30300546664317,191.51502733321587,109.51502733321587,0,0,MONITOR STOCK - consider planned replenishment,18.59237817901304,2023-12-25,0,10.0,20
SKU0063,12,51.35809170584399,6.419761463230499,6.688348313050254,0.21751490367490317,13.084598311185573,1.8692283301693675,39.35809170584399,0.0,0.7663464587288291,100,10,64.0,VERY HIGH,LOW,HIGH,12.839522926460997,64.19761463230499,52.19761463230499,0,0,URGENT REPLENISHMENT - prioritize purchase/order immediately,6.080266779658889,2023-12-25,26,21.0,14
SKU0064,12,30.147858768588563,3.7684823460735704,4.008087150993959,0.17702030131193822,22.290140243729855,3.1843057491042654,18.147858768588563,0.0,0.6019617813619669,70,10,46.0,HIGH,LOW,MEDIUM,7.536964692147141,37.6848234607357,25.6848234607357,0,0,REPLENISH SOON - increase replenishment priority,3.444670597777664,2023-12-25,0,14.0,8
SKU0065,32,390.27081207918843,48.783851509898554,51.98654927424225,2.528516022718949,4.591683376097293,0.655954768013899,358.27081207918843,0.0,0.9180056539982626,100,10,64.0,VERY HIGH,LOW,HIGH,97.56770301979711,487.83851509898557,455.83851509898557,0,0,URGENT REPLENISHMENT - prioritize purchase/order immediately,45.544745009697216,2023-12-25,436,10.0,69
SKU0066,303,587.4816095485947,73.43520119357434,80.07757956176329,4.815016500741655,28.882606236879074,4.126086605268439,284.48160954859475,0.0,0.4842391743414451,40,40,40.0,MEDIUM,MEDIUM,MEDIUM,146.8704023871487,734.3520119357435,431.35201193574346,0,0,MONITOR STOCK - consider planned replenishment,68.41393667581016,2023-12-25,753,30.0,398
SKU0067,104,97.55792049695425,12.194740062119282,12.900550496893729,0.4533752257092539,59.697869433182774,8.528267061883252,0.0,6.442079503045747,0.0,10,70,34.0,LOW,HIGH,MEDIUM,24.389480124238563,121.94740062119281,17.947400621192813,0,0,REDUCE INVENTORY - slow purchasing and consider promotion,11.508893449464743,2023-12-25,148,10.0,23
SKU0068,490,489.34880118183037,61.168600147728796,63.47603416077663,1.504636462453453,56.074521759794706,8.010645965684958,0.0,0.6511988181696324,0.0,10,70,34.0,LOW,HIGH,MEDIUM,122.33720029545759,611.686001477288,121.68600147728796,0,0,REDUCE INVENTORY - slow purchasing and consider promotion,58.633238361006455,2023-12-25,0,21.0,182
SKU0069,98,192.05099948419635,24.006374935524544,24.683224725874258,0.6936058825089108,28.575742978372787,4.0822489969103986,94.05099948419635,0.0,0.4897188753862002,40,40,40.0,MEDIUM,MEDIUM,MEDIUM,48.01274987104909,240.06374935524545,142.06374935524545,0,0,MONITOR STOCK - consider planned replenishment,23.125339887256704,2023-12-25,0,7.0,28
SKU0070,35,87.99541436419882,10.999426795524853,11.221992793973572,0.2563297518358483,22.27388795384128,3.181983993405897,52.99541436419882,0.0,0.6022520008242629,70,10,46.0,HIGH,LOW,MEDIUM,21.998853591049706,109.99426795524853,74.99426795524853,0,0,REPLENISH SOON - increase replenishment priority,10.428893721606986,2023-12-25,0,7.0,8
SKU0071,157,246.78830633429607,30.84853829178701,41.91620360546155,4.478432956051496,35.62567501918213,5.089382145597448,89.78830633429607,0.0,0.363827231800319,40,40,40.0,MEDIUM,MEDIUM,MEDIUM,61.69707658357402,308.4853829178701,151.48538291787008,0,0,MONITOR STOCK - consider planned replenishment,28.87796523374912,2023-12-25,0,7.0,28
SKU0072,689,763.5893191315076,95.44866489143845,105.71079577865702,6.314576080971495,50.529779599176074,7.218539942739438,74.58931913150764,0.0,0.09768250715757018,40,40,40.0,MEDIUM,MEDIUM,MEDIUM,190.8973297828769,954.4866489143845,265.48664891438455,0,0,MONITOR STOCK - consider planned replenishment,83.61908651617934,2023-12-25,1088,14.0,231
SKU0073,71,113.85319545064674,14.231649431330842,14.958909591303032,0.3895243355147235,34.92216432101392,4.988880617287703,42.85319545064674,0.0,0.3763899228390371,40,40,40.0,MEDIUM,MEDIUM,MEDIUM,28.463298862661684,142.31649431330843,71.31649431330843,0,0,MONITOR STOCK - consider planned replenishment,13.782552288942217,2023-12-25,0,7.0,17
SKU0074,582,814.2869974814932,101.78587468518666,112.1248590423192,5.875474687010715,40.02520008400445,5.717885726286351,232.28699748149324,0.0,0.28526428421420613,40,40,40.0,MEDIUM,MEDIUM,MEDIUM,203.5717493703733,1017.8587468518665,435.8587468518665,0,0,MONITOR STOCK - consider planned replenishment,94.8467951083626,2023-12-25,0,30.0,512
SKU0075,2,20.006005199882985,2.500750649985373,2.744496089019432,0.2113254976882244,5.598319048755175,0.7997598641078821,18.006005199882985,0.0,0.9000300169865147,100,10,64.0,VERY HIGH,LOW,HIGH,5.001501299970746,25.007506499853733,23.007506499853733,0,0,URGENT REPLENISHMENT - prioritize purchase/order immediately,2.1673184143285624,2023-12-25,0,,1
SKU0076,323,304.0576777369929,38.00720971712411,40.6339008599216,1.9235254532665098,59.48871324224858,8.49838760603551,0.0,18.9423222630071,0.0,10,70,34.0,LOW,HIGH,MEDIUM,76.01441943424823,380.0720971712411,57.072097171241126,0,0,REDUCE INVENTORY - slow purchasing and consider promotion,35.005421203072174,2023-12-25,348,14.0,97
SKU0077,204,169.40552286669023,21.17569035833628,21.587922869889944,0.4224325443705805,67.43581795140088,9.633688278771553,0.0,34.594477133309766,0.0,10,70,34.0,LOW,HIGH,MEDIUM,42.35138071667256,211.7569035833628,7.756903583362799,0,0,REDUCE INVENTORY - slow purchasing and consider promotion,20.185793615240872,2023-12-25,209,21.0,60
SKU0078,83,128.16128005779433,16.02016000722429,16.484902301073337,0.4232930544357828,36.26680381082324,5.180971972974748,45.16128005779433,0.0,0.3523785033781564,40,40,40.0,MEDIUM,MEDIUM,MEDIUM,32.04032001444858,160.2016000722429,77.20160007224291,0,0,MONITOR STOCK - consider planned replenishment,15.1677153050476,2023-12-25,135,10.0,18
SKU0079,85,222.89693377657642,27.862116722072052,33.3161067463407,3.000361067743677,21.355161416312917,3.0507373451875597,137.89693377657642,0.0,0.6186578318515551,70,10,46.0,HIGH,LOW,MEDIUM,55.724233444144105,278.6211672207205,193.6211672207205,0,0,REPLENISH SOON - increase replenishment priority,25.82541077149183,2023-12-25,173,10.0,29
SKU0080,6,23.98810906827704,2.99851363353463,3.63461414235453,0.3043948271373518,14.006939815207927,2.000991402172561,17.98810906827704,0.0,0.7498760747284299,70,10,46.0,HIGH,LOW,MEDIUM,5.99702726706926,29.9851363353463,23.9851363353463,0,0,REPLENISH SOON - increase replenishment priority,2.732302381434195,2023-12-25,0,14.0,3
SKU0081,79,96.6300198257836,12.07875247822295,12.784492751142368,0.4733116403881011,45.782873769208855,6.540410538458408,17.630019825783606,0.0,0.18244868269269898,40,40,40.0,MEDIUM,MEDIUM,MEDIUM,24.1575049564459,120.78752478222951,41.78752478222951,0,0,MONITOR STOCK - consider planned replenishment,11.468484842723909,2023-12-25,0,14.0,28
SKU0082,173,195.3351875221127,24.416898440264088,31.607528423678964,2.9084087392373807,49.59679883023268,7.085256975747526,22.335187522112705,0.0,0.11434287803155933,40,40,40.0,MEDIUM,MEDIUM,MEDIUM,48.833796880528176,244.1689844026409,71.16898440264089,0,0,MONITOR STOCK - consider planned replenishment,23.1792147996863,2023-12-25,0,14.0,56
SKU0083,507,627.8938122986287,78.4867265373286,82.45551574752447,4.010469527485442,45.21783690790164,6.459690986843092,120.89381229862875,0.0,0.19253862664461355,40,40,40.0,MEDIUM,MEDIUM,MEDIUM,156.9734530746572,784.8672653732859,277.86726537328593,0,0,MONITOR STOCK - consider planned replenishment,69.4809637584743,2023-12-25,0,14.0,215
SKU0084,61,107.03033060808838,13.378791326011047,14.471085436361555,0.4953303376769009,31.91618656685575,4.559455223836536,46.03033060808838,0.0,0.430068097020433,40,40,40.0,MEDIUM,MEDIUM,MEDIUM,26.757582652022094,133.78791326011049,72.78791326011049,0,0,MONITOR STOCK - consider planned replenishment,12.795303006611144,2023-12-25,0,,9
SKU0085,34,34.65163084387003,4.331453855483754,4.549894037257015,0.2587956379322956,54.94690880723216,7.849558401033167,0.6516308438700307,0.0,0.018805199870854158,40,40,40.0,MEDIUM,MEDIUM,MEDIUM,8.662907710967508,43.31453855483754,9.31453855483754,0,0,MONITOR STOCK - consider planned replenishment,3.740995677076229,2023-12-25,0,10.0,9
SKU0086,35,71.22902199402527,8.90362774925316,9.504955157896076,0.2936420204542087,27.516873672144563,3.9309819531635086,36.229021994025274,0.0,0.5086272558545614,70,10,46.0,HIGH,LOW,MEDIUM,17.80725549850632,89.0362774925316,54.036277492531596,0,0,REPLENISH SOON - increase replenishment priority,8.607716361762586,2023-12-25,0,7.0,10
SKU0087,0,343.01177867836077,42.876472334795096,46.37525044416545,1.7436918619371187,0.0,0.0,343.01177867836077,0.0,1.0,100,10,64.0,VERY HIGH,LOW,HIGH,85.75294466959019,428.76472334795096,428.76472334795096,0,0,URGENT REPLENISHMENT - prioritize purchase/order immediately,40.73380643239684,2023-12-25,468,7.0,54
SKU0088,46,194.6972500541879,24.337156256773486,26.877145847015264,1.0995089307815868,13.2307980687095,1.890114009815643,148.6972500541879,0.0,0.7637357487730446,100,10,64.0,VERY HIGH,LOW,HIGH,48.67431251354697,243.37156256773486,197.37156256773486,0,0,URGENT REPLENISHMENT - prioritize purchase/order immediately,23.2649744748869,2023-12-25,0,7.0,27
SKU0089,34,97.07219782361832,12.13402472795229,12.795303006611144,0.41983765175182614,19.61426693418024,2.80203813345432,63.072197823618325,0.0,0.64974523331821,70,10,46.0,HIGH,LOW,MEDIUM,24.26804945590458,121.34024727952291,87.34024727952291,0,0,REPLENISH SOON - increase replenishment priority,11.38774016544349,2023-12-25,0,7.0,9
SKU0090,95,267.2497591163218,33.406219889540225,35.78304174757494,1.8183122251981731,19.906472573037732,2.843781796148247,172.2497591163218,0.0,0.6445272754814692,70,10,46.0,HIGH,LOW,MEDIUM,66.81243977908045,334.0621988954023,239.06219889540228,0,0,REPLENISH SOON - increase replenishment priority,31.17622309174933,2023-12-25,270,21.0,101
SKU0091,79,109.77328320270925,13.721660400338656,14.149383378427409,0.36749883852274196,40.301245174844276,5.757320739263467,30.77328320270925,0.0,0.2803349075920666,40,40,40.0,MEDIUM,MEDIUM,MEDIUM,27.443320800677313,137.21660400338658,58.21660400338658,0,0,MONITOR STOCK - consider planned replenishment,13.155987698717183,2023-12-25,0,10.0,29
SKU0092,0,615.4757175621987,76.93446469527484,84.15058425278528,4.627571608498155,0.0,0.0,615.4757175621987,0.0,1.0,100,10,64.0,VERY HIGH,LOW,HIGH,153.86892939054968,769.3446469527485,769.3446469527485,0,0,URGENT REPLENISHMENT - prioritize purchase/order immediately,70.45704881848367,2023-12-25,453,14.0,116
SKU0093,8,90.33469504228717,11.291836880285896,11.598589039517218,0.22715243463528645,4.959334835749252,0.708476405107036,82.33469504228717,0.0,0.9114404493616205,100,10,64.0,VERY HIGH,LOW,HIGH,22.58367376057179,112.91836880285896,104.91836880285896,0,0,URGENT REPLENISHMENT - prioritize purchase/order immediately,11.053677354480309,2023-12-25,78,21.0,23
SKU0094,30,80.34793794313822,10.043492242892277,10.439633275895002,0.2598779200628244,20.909061800552074,2.9870088286502963,50.34793794313822,0.0,0.626623896418713,70,10,46.0,HIGH,LOW,MEDIUM,20.086984485784555,100.43492242892277,70.43492242892277,0,0,REPLENISH SOON - increase replenishment priority,9.621878511060755,2023-12-25,0,10.0,17
SKU0095,15,78.87993647596294,9.859992059495367,10.055181802032129,0.15188769294597618,10.649095797078552,1.5212993995826503,63.879936475962936,0.0,0.8098375750521687,100,10,64.0,VERY HIGH,LOW,HIGH,19.719984118990734,98.59992059495367,83.59992059495367,0,0,URGENT REPLENISHMENT - prioritize purchase/order immediately,9.663976619740367,2023-12-25,86,21.0,34
SKU0096,11,33.86405673094476,4.233007091368095,4.807617129568819,0.2890755545202989,18.19037822001707,2.5986254600024385,22.86405673094476,0.0,0.6751718174996952,70,10,46.0,HIGH,LOW,MEDIUM,8.46601418273619,42.33007091368095,31.33007091368095,0,0,REPLENISH SOON - increase replenishment priority,4.0288031771296176,2023-12-25,0,7.0,3
SKU0097,150,157.9166570842602,19.739582135532526,25.014265128838453,2.1522636876348287,53.19261536493886,7.598945052134122,7.916657084260208,0.0,0.05013186848323471,40,40,40.0,MEDIUM,MEDIUM,MEDIUM,39.47916427106505,197.39582135532527,47.39582135532527,0,0,MONITOR STOCK - consider planned replenishment,18.59237817901304,2023-12-25,0,14.0,52
SKU0098,185,187.91076631285682,23.488845789107103,24.28328479295501,0.4564364273324574,55.13255149389048,7.876078784841497,2.910766312856822,0.0,0.015490151894812787,40,40,40.0,MEDIUM,MEDIUM,MEDIUM,46.977691578214205,234.88845789107103,49.88845789107103,0,0,MONITOR STOCK - consider planned replenishment,22.917417679282693,2023-12-25,230,14.0,49
SKU0099,110,198.11520498881958,24.764400623602448,31.533614231851693,2.806980168235224,31.09301984341703,4.441859977631005,88.11520498881958,0.0,0.4447675027961245,40,40,40.0,MEDIUM,MEDIUM,MEDIUM,49.528801247204896,247.6440062360245,137.6440062360245,0,0,MONITOR STOCK - consider planned replenishment,23.17239298147399,2023-12-25,0,14.0,36
SKU0100,88,88.39328011709937,11.04916001463742,11.466234227293269,0.23982374556770863,55.75084433422554,7.964406333460791,0.3932801170993656,0.0,0.004449208317401121,40,40,40.0,MEDIUM,MEDIUM,MEDIUM,22.09832002927484,110.49160014637421,22.49160014637421,0,0,MONITOR STOCK - consider planned replenishment,10.67150787898762,2023-12-25,0,30.0,59
SKU0101,30,24.97545679281299,3.121932099101624,3.3625444530534407,0.2003256257971738,67.26603697128141,9.609433853040201,0.0,5.024543207187008,0.0,10,70,34.0,LOW,HIGH,MEDIUM,6.243864198203248,31.21932099101624,1.2193209910162395,0,0,REDUCE INVENTORY - slow purchasing and consider promotion,2.732302381434195,2023-12-25,0,30.0,14
SKU0102,26,141.82478399841955,17.728097999802443,20.321197283577057,1.4388149483362969,10.266188736210063,1.4665983908871518,115.82478399841955,0.0,0.816675201139106,100,10,64.0,VERY HIGH,LOW,HIGH,35.45619599960489,177.28097999802443,151.28097999802443,0,0,URGENT REPLENISHMENT - prioritize purchase/order immediately,16.522179279250643,2023-12-25,0,7.0,11
SKU0103,23,85.35684906943837,10.669606133679796,11.321521093751844,0.4648779444914561,15.089591685281205,2.155655955040172,62.35684906943837,0.0,0.7305430056199784,70,10,46.0,HIGH,LOW,MEDIUM,21.339212267359592,106.69606133679795,83.69606133679795,0,0,REPLENISH SOON - increase replenishment priority,10.18753661425608,2023-12-25,0,7.0,12
SKU0104,48,62.63427087169145,7.829283858961431,8.448807687313991,0.41077586419425854,42.915802524571,6.130828932081572,14.634270871691449,0.0,0.2336463834898035,40,40,40.0,MEDIUM,MEDIUM,MEDIUM,15.658567717922862,78.2928385896143,30.292838589614306,0,0,MONITOR STOCK - consider planned replenishment,7.154402456891868,2023-12-25,0,14.0,13
SKU0105,157,92.67175677135475,11.583969596419344,11.799468713764078,0.233820520881689,94.87248657314379,13.55321236759197,0.0,64.32824322864525,0.0,10,100,46.0,LOW,VERY HIGH,MEDIUM,23.167939192838688,115.83969596419344,0.0,0,0,SEVERE OVERSTOCK - reduce purchasing and consider clearance,11.221992793973572,2023-12-25,116,21.0,45
SKU0106,0,204.1220304025637,25.515253800320462,26.594127044752536,1.027587416818124,0.0,0.0,204.1220304025637,0.0,1.0,100,10,64.0,VERY HIGH,LOW,HIGH,51.030507600640924,255.15253800320463,255.15253800320463,0,0,URGENT REPLENISHMENT - prioritize purchase/order immediately,23.935101373451285,2023-12-25,243,7.0,29
SKU0107,499,1291.6240496311589,161.45300620389486,174.18802983515496,9.516012728976934,21.63477833041263,3.0906826186303755,792.6240496311589,0.0,0.6136646726712031,70,10,46.0,HIGH,LOW,MEDIUM,322.9060124077897,1614.5300620389485,1115.5300620389485,0,0,REPLENISH SOON - increase replenishment priority,148.82407810462834,2023-12-25,0,14.0,351
SKU0108,0,139.4715186684239,17.433939833552987,19.350786003652257,0.791147165513484,0.0,0.0,139.4715186684239,0.0,1.0,100,10,64.0,VERY HIGH,LOW,HIGH,34.867879667105974,174.33939833552986,174.33939833552986,0,0,URGENT REPLENISHMENT - prioritize purchase/order immediately,16.876505310694863,2023-12-25,218,10.0,32
SKU0109,10,227.98942029217892,28.498677536522365,29.34911161414902,0.5258711999911309,2.4562543265487244,0.3508934752212463,217.98942029217892,0.0,0.9561383155973442,100,10,64.0,VERY HIGH,LOW,HIGH,56.99735507304473,284.98677536522365,274.98677536522365,0,0,URGENT REPLENISHMENT - prioritize purchase/order immediately,27.64579501607051,2023-12-25,180,14.0,49
SKU0110,70,162.7436775449664,20.3429596931208,21.56425120862883,0.9424788147123813,24.08695722705969,3.4409938895799557,92.7436775449664,0.0,0.5698757638025056,70,10,46.0,HIGH,LOW,MEDIUM,40.6859193862416,203.429596931208,133.429596931208,0,0,REPLENISH SOON - increase replenishment priority,19.178979272159307,2023-12-25,0,14.0,33
SKU0111,6,20.219705379395187,2.5274631724243983,2.8362619647263463,0.2739180726882308,16.61745281127585,2.3739218301822644,14.219705379395187,0.0,0.703259771227217,70,10,46.0,HIGH,LOW,MEDIUM,5.054926344848797,25.27463172424398,19.27463172424398,0,0,REPLENISH SOON - increase replenishment priority,2.209930610440657,2023-12-25,0,14.0,3
SKU0112,80,129.23619138010804,16.154523922513505,18.78834538090439,1.213072177901936,34.66521221461467,4.952173173516381,49.23619138010804,0.0,0.3809783533104524,40,40,40.0,MEDIUM,MEDIUM,MEDIUM,32.30904784502701,161.54523922513505,81.54523922513505,0,0,MONITOR STOCK - consider planned replenishment,15.375037265821556,2023-12-25,0,14.0,35
SKU0113,0,202.44702851816504,25.30587856477063,27.340987771406077,1.2358039451771328,0.0,0.0,202.44702851816504,0.0,1.0,100,10,64.0,VERY HIGH,LOW,HIGH,50.61175712954126,253.05878564770632,253.05878564770632,0,0,URGENT REPLENISHMENT - prioritize purchase/order immediately,24.0500959003889,2023-12-25,107,10.0,28
SKU0114,1951,2351.922762398229,293.99034529977865,301.8624709094861,6.698847812449022,46.45390645762231,6.636272351088901,400.9227623982292,0.0,0.17046595611388735,40,40,40.0,MEDIUM,MEDIUM,MEDIUM,587.9806905995573,2939.9034529977866,988.9034529977866,0,0,MONITOR STOCK - consider planned replenishment,283.4298316216047,2023-12-25,0,10.0,501
SKU0115,138,98.05531828328719,12.256914785410899,13.07319696586821,0.5196982057712732,78.8126552980368,11.2589507568624,0.0,39.94468171671281,0.0,10,70,34.0,LOW,HIGH,MEDIUM,24.513829570821798,122.56914785410899,0.0,0,0,REDUCE INVENTORY - slow purchasing and consider promotion,11.428148772184326,2023-12-25,133,21.0,43
SKU0116,27,186.46810000471925,23.308512500589906,23.81399910088125,0.31906616973476654,8.108625550224051,1.158375078603436,159.46810000471925,0.0,0.8552031151745705,100,10,64.0,VERY HIGH,LOW,HIGH,46.61702500117981,233.08512500589904,206.08512500589904,0,0,URGENT REPLENISHMENT - prioritize purchase/order immediately,22.95782628602353,2023-12-25,0,7.0,26
SKU0117,21,137.32315554717695,17.16539444339712,20.60900478363045,1.466373504605608,8.563741455795405,1.2233916365422006,116.32315554717695,0.0,0.8470760454322249,100,10,64.0,VERY HIGH,LOW,HIGH,34.33078888679424,171.6539444339712,150.6539444339712,0,0,URGENT REPLENISHMENT - prioritize purchase/order immediately,15.775371589982653,2023-12-25,0,7.0,17
SKU0118,48,50.36706178326931,6.295882722908663,6.427456180252554,0.08139649725527276,53.36821138319581,7.624030197599402,2.367061783269307,0.0,0.046996225300074704,40,40,40.0,MEDIUM,MEDIUM,MEDIUM,12.591765445817327,62.95882722908664,14.958827229086637,0,0,MONITOR STOCK - consider planned replenishment,6.193487663818316,2023-12-25,40,30.0,19
SKU0119,688,608.3409164040055,76.04261455050069,80.93190116394598,3.5838560534255888,63.33290916505303,9.047558452150433,0.0,79.6590835959945,0.0,10,70,34.0,LOW,HIGH,MEDIUM,152.08522910100137,760.4261455050068,72.42614550500684,0,0,REDUCE INVENTORY - slow purchasing and consider promotion,70.043857333061,2023-12-25,473,14.0,144
SKU0120,0,380.1011767657425,47.51264709571781,52.21272711227612,3.1046864552647038,0.0,0.0,380.1011767657425,0.0,1.0,100,10,64.0,VERY HIGH,LOW,HIGH,95.02529419143562,475.12647095717807,475.12647095717807,0,0,URGENT REPLENISHMENT - prioritize purchase/order immediately,44.17404523909697,2023-12-25,278,10.0,64
SKU0121,448,499.1681174382882,62.39601467978603,64.35621512219367,1.499062252928334,50.259620203210616,7.179945743315803,51.16811743828822,0.0,0.10250678208552472,40,40,40.0,MEDIUM,MEDIUM,MEDIUM,124.79202935957206,623.9601467978603,175.96014679786026,0,0,MONITOR STOCK - consider planned replenishment,60.11214421059167,2023-12-25,396,30.0,202
SKU0122,38,52.48532150422757,6.560665188028446,6.704775817126197,0.12409890425705382,40.544669233446434,5.792095604778062,14.48532150422757,0.0,0.2759880494027423,40,40,40.0,MEDIUM,MEDIUM,MEDIUM,13.121330376056893,65.60665188028446,27.60665188028446,0,0,MONITOR STOCK - consider planned replenishment,6.391805573048674,2023-12-25,0,7.0,6
SKU0123,788,849.099564969155,106.13744562114438,118.07416643866765,5.967721921262912,51.97034814356903,7.4243354490812905,61.09956496915504,0.0,0.0719580688648387,40,40,40.0,MEDIUM,MEDIUM,MEDIUM,212.27489124228876,1061.3744562114439,273.3744562114439,0,0,MONITOR STOCK - consider planned replenishment,99.93156202304448,2023-12-25,0,21.0,295
SKU0124,9,20.524437437584183,2.565554679698023,2.912244329848221,0.23845684921069543,24.55609326846052,3.5080133240657885,11.524437437584183,0.0,0.5614983344917764,70,10,46.0,HIGH,LOW,MEDIUM,5.131109359396046,25.65554679698023,16.65554679698023,0,0,REPLENISH SOON - increase replenishment priority,2.1312057570573573,2023-12-25,0,7.0,3
SKU0125,66,233.32616992727364,29.165771240909205,30.528866293528523,0.7488534372831462,15.840486307866882,2.2629266154095546,167.32616992727364,0.0,0.7171341730738057,70,10,46.0,HIGH,LOW,MEDIUM,58.33154248181841,291.657712409092,225.65771240909203,0,0,REPLENISH SOON - increase replenishment priority,28.01639739813065,2023-12-25,392,30.0,158
SKU0126,1333,2882.1358377733677,360.26697972167096,371.846867031983,11.331365071239643,25.900236561254623,3.700033794464946,1549.1358377733677,0.0,0.5374957756918818,70,10,46.0,HIGH,LOW,MEDIUM,720.5339594433419,3602.6697972167094,2269.6697972167094,0,0,REPLENISH SOON - increase replenishment priority,345.1861950654164,2023-12-25,0,30.0,1084
SKU0127,12,35.52073310693499,4.440091638366874,4.91315728899489,0.384587989673289,18.918528454267747,2.7026469220382494,23.52073310693499,0.0,0.6621691347452188,70,10,46.0,HIGH,LOW,MEDIUM,8.880183276733748,44.400916383668736,32.400916383668736,0,0,REPLENISH SOON - increase replenishment priority,4.027610642547132,2023-12-25,0,14.0,11
SKU0128,54,66.01288461317158,8.251610576646447,8.58116249953794,0.28148298053822063,45.809238873900384,6.544176981985769,12.012884613171579,0.0,0.18197787725177886,40,40,40.0,MEDIUM,MEDIUM,MEDIUM,16.503221153292895,82.51610576646448,28.516105766464477,0,0,MONITOR STOCK - consider planned replenishment,7.755120735703705,2023-12-25,61,21.0,27
SKU0129,44,138.97827621612527,17.37228452701566,20.649413390371283,1.699096316857128,17.729389564223915,2.5327699377462736,94.97827621612527,0.0,0.6834037577817158,70,10,46.0,HIGH,LOW,MEDIUM,34.74456905403132,173.7228452701566,129.7228452701566,0,0,REPLENISH SOON - increase replenishment priority,15.539795053846188,2023-12-25,0,7.0,20
SKU0130,20,92.04319238411969,11.505399048014961,12.021538142172938,0.3713328588041059,12.16820028716469,1.7383143267378127,72.04319238411969,0.0,0.7827107091577734,100,10,64.0,VERY HIGH,LOW,HIGH,23.010798096029923,115.05399048014962,95.05399048014962,0,0,URGENT REPLENISHMENT - prioritize purchase/order immediately,11.115437651742342,2023-12-25,0,7.0,9
SKU0131,17,25.040214566591334,3.130026820823917,3.27997317141837,0.11323484063649071,38.018843547377536,5.431263363911077,8.040214566591334,0.0,0.3210920795111154,40,40,40.0,MEDIUM,MEDIUM,MEDIUM,6.260053641647834,31.300268208239167,14.300268208239167,0,0,MONITOR STOCK - consider planned replenishment,2.9788226429514104,2023-12-25,0,30.0,12
SKU0132,137,158.36152939938026,19.795191174922532,24.45464966811048,1.9025271123053709,48.44610953870988,6.920872791244268,21.36152939938026,0.0,0.13489090109446655,40,40,40.0,MEDIUM,MEDIUM,MEDIUM,39.590382349845065,197.95191174922533,60.95191174922533,0,0,MONITOR STOCK - consider planned replenishment,18.78238712557466,2023-12-25,0,10.0,28
SKU0133,39,29.94685764486446,3.7433572056080573,4.008087150993959,0.1872946155479073,72.9291876262861,10.418455375183727,0.0,9.053142355135542,0.0,10,70,34.0,LOW,HIGH,MEDIUM,7.486714411216115,37.43357205608057,0.0,0,0,REDUCE INVENTORY - slow purchasing and consider promotion,3.4217398629615534,2023-12-25,0,21.0,15
SKU0134,0,291.3917644624599,36.423970557807486,41.011961087968174,2.4913532009568664,0.0,0.0,291.3917644624599,0.0,1.0,100,10,64.0,VERY HIGH,LOW,HIGH,72.84794111561497,364.23970557807485,364.23970557807485,0,0,URGENT REPLENISHMENT - prioritize purchase/order immediately,33.929751231511,2023-12-25,240,10.0,46
SKU0135,4,51.152903362611156,6.3941129203263944,6.679613073102065,0.18661798602901636,4.379028076121419,0.625575439445917,47.152903362611156,0.0,0.9218030700692603,100,10,64.0,VERY HIGH,LOW,HIGH,12.788225840652789,63.94112920326394,59.94112920326394,0,0,URGENT REPLENISHMENT - prioritize purchase/order immediately,6.115179617852405,2023-12-25,42,14.0,12
SKU0136,129,767.8821204548543,95.98526505685679,110.77928607294616,6.0870001615063005,9.407693977456944,1.3439562824938491,638.8821204548543,0.0,0.8320054646882689,100,10,64.0,VERY HIGH,LOW,HIGH,191.97053011371358,959.8526505685679,830.8526505685679,0,0,URGENT REPLENISHMENT - prioritize purchase/order immediately,92.18599905252977,2023-12-25,1198,14.0,234
SKU0137,48,53.476617173493786,6.684577146686723,6.801913634686186,0.05095810554530029,50.26495956689522,7.180708509556461,5.476617173493786,0.0,0.10241143630544239,40,40,40.0,MEDIUM,MEDIUM,MEDIUM,13.369154293373446,66.84577146686723,18.845771466867234,0,0,MONITOR STOCK - consider planned replenishment,6.630938070857996,2023-12-25,69,14.0,14
SKU0138,55,142.93374415407152,17.86671801925894,19.717775085918863,1.3554307372535015,21.548445527880375,3.0783493611257677,87.93374415407152,0.0,0.615206329859279,70,10,46.0,HIGH,LOW,MEDIUM,35.73343603851788,178.6671801925894,123.6671801925894,0,0,REPLENISH SOON - increase replenishment priority,16.785609316172444,2023-12-25,0,14.0,24
SKU0139,237,442.59034113495346,55.32379264186918,56.39210743708531,0.7476260052947806,29.987098150325735,4.283871164332248,205.59034113495346,0.0,0.46451610445846897,40,40,40.0,MEDIUM,MEDIUM,MEDIUM,110.64758528373837,553.2379264186918,316.2379264186918,0,0,MONITOR STOCK - consider planned replenishment,54.19489072255087,2023-12-25,0,14.0,97
SKU0140,10,39.57333838357375,4.9466672979467186,5.238901087764121,0.1802262701483398,14.150941590322008,2.0215630843317154,29.57333838357375,0.0,0.7473046144585356,70,10,46.0,HIGH,LOW,MEDIUM,9.893334595893437,49.466672979467184,39.466672979467184,0,0,REPLENISH SOON - increase replenishment priority,4.714618207266308,2023-12-25,27,30.0,17
SKU0141,89,235.2902971685782,29.411287146072276,31.644568606824038,0.9524491107196192,21.18234393842904,3.0260491340612914,146.2902971685782,0.0,0.6217438582423386,70,10,46.0,HIGH,LOW,MEDIUM,58.82257429214455,294.1128714607228,205.11287146072277,0,0,REPLENISH SOON - increase replenishment priority,28.366020146133557,2023-12-25,182,30.0,102
SKU0142,323,503.5559844280247,62.94449805350309,67.76205332997027,2.644385155959325,35.920534278915696,5.131504896987956,180.55598442802471,0.0,0.35856188787650545,40,40,40.0,MEDIUM,MEDIUM,MEDIUM,125.88899610700618,629.4449805350309,306.44498053503094,0,0,MONITOR STOCK - consider planned replenishment,59.4582449550616,2023-12-25,0,10.0,125
SKU0143,10,28.240071770941555,3.5300089713676943,3.909989363049584,0.211178115657978,19.829977931438133,2.8328539902054475,18.240071770941555,0.0,0.6458932512243191,70,10,46.0,HIGH,LOW,MEDIUM,7.060017942735389,35.30008971367694,25.30008971367694,0,0,REPLENISH SOON - increase replenishment priority,3.319004362861923,2023-12-25,0,10.0,3
SKU0144,118,199.97520874859478,24.996901093574348,30.498283502942613,2.5157018400657543,33.044096022459755,4.720585146065679,81.97520874859478,0.0,0.4099268567417901,40,40,40.0,MEDIUM,MEDIUM,MEDIUM,49.993802187148695,249.96901093574348,131.96901093574348,0,0,MONITOR STOCK - consider planned replenishment,23.128048446471954,2023-12-25,0,30.0,97
SKU0145,167,190.13865109541078,23.767331386926347,24.760337111027763,0.5579481467598724,49.185160124583014,7.026451446369001,23.13865109541078,0.0,0.12169356920387481,40,40,40.0,MEDIUM,MEDIUM,MEDIUM,47.534662773852695,237.67331386926347,70.67331386926347,0,0,MONITOR STOCK - consider planned replenishment,23.09475231443847,2023-12-25,0,30.0,106
SKU0146,198,449.9542947329172,56.24428684161465,79.26022598261447,9.445102476605241,24.642502871500735,3.520357553071533,251.95429473291722,0.0,0.5599553058660584,70,10,46.0,HIGH,LOW,MEDIUM,112.4885736832293,562.4428684161466,364.44286841614655,0,0,REPLENISH SOON - increase replenishment priority,50.987430349289205,2023-12-25,392,30.0,200
SKU0147,27,54.13257933687814,6.766572417109767,7.095047680869186,0.23305875265328835,27.93142352575727,3.9902033608224676,27.132579336878138,0.0,0.5012245798971916,70,10,46.0,HIGH,LOW,MEDIUM,13.533144834219534,67.66572417109768,40.66572417109768,0,0,REPLENISH SOON - increase replenishment priority,6.391805573048674,2023-12-25,0,21.0,12
SKU0148,21,25.9890942350486,3.248636779381075,3.8002976075685018,0.25936324642490105,45.24974935117437,6.4642499073106245,4.989094235048601,0.0,0.19196876158617196,40,40,40.0,MEDIUM,MEDIUM,MEDIUM,6.49727355876215,32.48636779381075,11.48636779381075,0,0,MONITOR STOCK - consider planned replenishment,3.020109881487586,2023-12-25,0,30.0,16
SKU0149,144,334.3317923300404,41.79147404125505,43.47353589551822,1.629155963075263,24.119752249105606,3.4456788927293722,190.3317923300404,0.0,0.5692901384088285,70,10,46.0,HIGH,LOW,MEDIUM,83.5829480825101,417.9147404125505,273.9147404125505,0,0,REPLENISH SOON - increase replenishment priority,38.85065977854339,2023-12-25,0,7.0,34
SKU0150,89,209.4441786278,26.180522328475,27.3060797453282,0.9265475253960619,23.796316673269725,3.3994738104671036,120.4441786278,0.0,0.575065773691612,70,10,46.0,HIGH,LOW,MEDIUM,52.36104465695,261.80522328475,172.80522328475,0,0,REPLENISH SOON - increase replenishment priority,25.130281674328668,2023-12-25,0,7.0,26
SKU0151,101,162.24253825348103,20.28031728168513,21.55173707415368,0.8848264178531355,34.86138753058276,4.98019821865468,61.24253825348103,0.0,0.377475222668165,40,40,40.0,MEDIUM,MEDIUM,MEDIUM,40.56063456337026,202.8031728168513,101.80317281685129,0,0,MONITOR STOCK - consider planned replenishment,19.00875711171088,2023-12-25,0,7.0,24
SKU0152,93,219.27041075804192,27.40880134475524,28.604204256861063,1.0672787961412442,23.75149470462235,3.393070672088907,126.27041075804192,0.0,0.5758661659888866,70,10,46.0,HIGH,LOW,MEDIUM,54.81760268951048,274.0880134475524,181.08801344755238,0,0,REPLENISH SOON - increase replenishment priority,26.06948173898665,2023-12-25,219,30.0,118
SKU0153,34,87.6319768392416,10.9539971049052,11.221992793973572,0.21950083726760325,21.727228674674706,3.103889810667815,53.6319768392416,0.0,0.6120137736665231,70,10,46.0,HIGH,LOW,MEDIUM,21.9079942098104,109.539971049052,75.539971049052,0,0,REPLENISH SOON - increase replenishment priority,10.600093487069037,2023-12-25,0,7.0,8
SKU0154,98,249.066317342632,31.133289667829,36.315287211000616,3.720137346419527,22.034292145775563,3.14775602082508,151.066317342632,0.0,0.6065304973968649,70,10,46.0,HIGH,LOW,MEDIUM,62.266579335658,311.33289667829,213.33289667829,0,0,REPLENISH SOON - increase replenishment priority,27.332615327185387,2023-12-25,0,14.0,48
SKU0155,141,214.54194189311173,26.817742736638966,28.110006805804787,1.056349381711725,36.803992405055766,5.257713200722253,73.54194189311173,0.0,0.34278584990971844,40,40,40.0,MEDIUM,MEDIUM,MEDIUM,53.63548547327793,268.1774273663897,127.17742736638968,0,0,MONITOR STOCK - consider planned replenishment,25.187684934805475,2023-12-25,0,21.0,77
SKU0156,18,85.15298212317177,10.644122765396471,10.908964220938884,0.15496101472324825,11.837518485752524,1.6910740693932178,67.15298212317177,0.0,0.7886157413258478,100,10,64.0,VERY HIGH,LOW,HIGH,21.288245530792942,106.44122765396472,88.44122765396472,0,0,URGENT REPLENISHMENT - prioritize purchase/order immediately,10.428893721606986,2023-12-25,52,21.0,23
SKU0157,963,1180.1489813880796,147.51862267350995,159.6948933782065,5.095836158506619,45.69592555727194,6.527989365324563,217.14898138807962,0.0,0.18400132933442956,40,40,40.0,MEDIUM,MEDIUM,MEDIUM,295.0372453470199,1475.1862267350996,512.1862267350996,0,0,MONITOR STOCK - consider planned replenishment,143.85662856803057,2023-12-25,0,14.0,342
SKU0158,211,229.800586798753,28.725073349844124,34.30602703395773,2.4087330088047314,51.418493593089984,7.345499084727141,18.800586798752988,0.0,0.08181261440910738,40,40,40.0,MEDIUM,MEDIUM,MEDIUM,57.45014669968825,287.25073349844126,76.25073349844126,0,0,MONITOR STOCK - consider planned replenishment,26.949613118717377,2023-12-25,325,21.0,96
SKU0159,7,50.454886410418595,6.306860801302324,6.60316211291591,0.2261344771546115,7.769316866781304,1.1099024095401864,43.454886410418595,0.0,0.8612621988074767,100,10,64.0,VERY HIGH,LOW,HIGH,12.613721602604649,63.068608013023244,56.068608013023244,0,0,URGENT REPLENISHMENT - prioritize purchase/order immediately,6.065317689315765,2023-12-25,0,10.0,6
SKU0160,223,299.33368663632905,37.41671082954113,41.26665821533067,2.2475230201193925,41.719327150679526,5.959903878668504,76.33368663632905,0.0,0.255012015166437,40,40,40.0,MEDIUM,MEDIUM,MEDIUM,74.83342165908226,374.1671082954113,151.1671082954113,0,0,MONITOR STOCK - consider planned replenishment,34.872070011909955,2023-12-25,0,14.0,80
SKU0161,42,62.31934987970376,7.78991873496297,8.098886548121124,0.35408612141919416,37.741086910247155,5.391583844321022,20.319349879703758,0.0,0.3260520194598723,40,40,40.0,MEDIUM,MEDIUM,MEDIUM,15.57983746992594,77.8991873496297,35.8991873496297,0,0,MONITOR STOCK - consider planned replenishment,7.195686499990761,2023-12-25,0,30.0,24
SKU0162,0,464.1947364928971,58.02434206161214,84.33975416856983,10.770189567568197,0.0,0.0,464.1947364928971,0.0,1.0,100,10,64.0,VERY HIGH,LOW,HIGH,116.04868412322428,580.2434206161214,580.2434206161214,0,0,URGENT REPLENISHMENT - prioritize purchase/order immediately,52.13154679189609,2023-12-25,438,21.0,140
SKU0163,143,526.7585881819753,65.8448235227469,72.83844521997463,4.909167591237193,15.202409945774889,2.171772849396413,383.75858818197526,0.0,0.7285283938254484,70,10,46.0,HIGH,LOW,MEDIUM,131.6896470454938,658.448235227469,515.448235227469,0,0,REPLENISH SOON - increase replenishment priority,60.48576153738646,2023-12-25,629,14.0,146
SKU0164,7,74.55410455384984,9.31926306923123,9.517735250208112,0.12683634897981647,5.257926472939682,0.7511323532770975,67.55410455384984,0.0,0.9061084558403628,100,10,64.0,VERY HIGH,LOW,HIGH,18.63852613846246,93.19263069231229,86.19263069231229,0,0,URGENT REPLENISHMENT - prioritize purchase/order immediately,9.112221739613489,2023-12-25,0,7.0,6
SKU0165,390,509.66010888204016,63.70751361025502,68.69838813818328,3.316909727553969,42.85208832197386,6.121726903139123,119.66010888204016,0.0,0.23478413710760962,40,40,40.0,MEDIUM,MEDIUM,MEDIUM,127.41502722051004,637.0751361025502,247.07513610255023,0,0,MONITOR STOCK - consider planned replenishment,60.33177113523018,2023-12-25,377,10.0,82
SKU0166,185,181.67531473817095,22.70941434227137,28.67113950613921,2.471225993452246,57.02480832319323,8.146401189027603,0.0,3.324685261829046,0.0,10,70,34.0,LOW,HIGH,MEDIUM,45.41882868454274,227.0941434227137,42.0941434227137,0,0,REDUCE INVENTORY - slow purchasing and consider promotion,21.434904629941947,2023-12-25,0,,128
SKU0167,111,395.5065856895025,49.438323211187814,59.14520732604509,4.074174661943504,15.7165524542743,2.2452217791820432,284.5065856895025,0.0,0.7193472776022446,70,10,46.0,HIGH,LOW,MEDIUM,98.87664642237563,494.38323211187816,383.38323211187816,0,0,REPLENISH SOON - increase replenishment priority,46.192597848004674,2023-12-25,0,7.0,49
SKU0168,493,1577.227542383969,197.15344279799612,214.661353904788,12.592731994926778,17.504132573205442,2.5005903676007777,1084.227542383969,0.0,0.6874262040499028,70,10,46.0,HIGH,LOW,MEDIUM,394.30688559599224,1971.5344279799613,1478.5344279799613,0,0,REPLENISH SOON - increase replenishment priority,178.02845162685463,2023-12-25,0,10.0,254
SKU0169,17,149.64948750452763,18.706185938065953,19.31252397786105,0.43857189945978686,6.361531976320316,0.9087902823314736,132.64948750452763,0.0,0.8864012147085658,100,10,64.0,VERY HIGH,LOW,HIGH,37.41237187613191,187.06185938065954,170.06185938065954,0,0,URGENT REPLENISHMENT - prioritize purchase/order immediately,17.85156057256746,2023-12-25,80,30.0,58
SKU0170,48,63.202043551953,7.900255443994125,8.448807687313991,0.4271794156034416,42.53027036681852,6.0757529095455025,15.202043551952997,0.0,0.24053088630681216,40,40,40.0,MEDIUM,MEDIUM,MEDIUM,15.80051088798825,79.00255443994125,31.00255443994125,0,0,MONITOR STOCK - consider planned replenishment,7.275089502328226,2023-12-25,0,14.0,14
SKU0171,2,51.097726591102855,6.387215823887857,6.60316211291591,0.10146923103792212,2.1918783372938058,0.31312547675625796,49.097726591102855,0.0,0.9608593154054678,100,10,64.0,VERY HIGH,LOW,HIGH,12.774431647775714,63.87215823887857,61.87215823887857,0,0,URGENT REPLENISHMENT - prioritize purchase/order immediately,6.251815731536497,2023-12-25,51,7.0,6
SKU0172,21,52.71671919538287,6.589589899422859,6.7355169251398594,0.12402517268386813,22.307913275889113,3.1868447536984448,31.716719195382872,0.0,0.6016444057876944,70,10,46.0,HIGH,LOW,MEDIUM,13.179179798845718,65.89589899422859,44.89589899422859,0,0,REPLENISH SOON - increase replenishment priority,6.384426975496893,2023-12-25,0,14.0,13
SKU0173,82,118.8742446939752,14.8592805867469,15.172963964360994,0.5440334875857741,38.629057217746784,5.518436745392398,36.8742446939752,0.0,0.3101954068259503,40,40,40.0,MEDIUM,MEDIUM,MEDIUM,29.7185611734938,148.592805867469,66.592805867469,0,0,MONITOR STOCK - consider planned replenishment,13.554600551987036,2023-12-25,0,30.0,71
SKU0174,68,251.8751961962563,31.484399524532037,33.157543816543786,0.7813413810684356,15.118598645310353,2.1597998064729076,183.8751961962563,0.0,0.7300250241908866,70,10,46.0,HIGH,LOW,MEDIUM,62.968799049064074,314.84399524532034,246.84399524532034,0,0,REPLENISH SOON - increase replenishment priority,30.552491652159254,2023-12-25,0,14.0,55
SKU0175,123,205.08623357938393,25.63577919742299,29.287781236223783,1.8658048877621867,33.58587204895847,4.797981721279783,82.08623357938393,0.0,0.40025228484002723,40,40,40.0,MEDIUM,MEDIUM,MEDIUM,51.27155839484598,256.35779197422994,133.35779197422994,0,0,MONITOR STOCK - consider planned replenishment,23.720561757538405,2023-12-25,0,30.0,109
SKU0176,243,499.34715317709407,62.41839414713676,64.98485694986934,1.431510528203495,27.25158221774002,3.8930831739628604,256.34715317709407,0.0,0.5133646032546425,70,10,46.0,HIGH,LOW,MEDIUM,124.83678829427352,624.1839414713676,381.1839414713676,0,0,REPLENISH SOON - increase replenishment priority,60.68871760308318,2023-12-25,0,14.0,98
SKU0177,25,162.92474597423848,20.36559324677981,21.587922869889944,0.7852610216933045,8.592924246273594,1.2275606066105136,137.92474597423848,0.0,0.8465549241736858,100,10,64.0,VERY HIGH,LOW,HIGH,40.73118649355962,203.6559324677981,178.6559324677981,0,0,URGENT REPLENISHMENT - prioritize purchase/order immediately,19.178979272159307,2023-12-25,0,7.0,18
SKU0178,617,634.4412024418339,79.30515030522923,86.00483094662766,3.3045989129721627,54.460523476433195,7.7800747823476,17.441202441833866,0.0,0.02749065220655005,40,40,40.0,MEDIUM,MEDIUM,MEDIUM,158.61030061045847,793.0515030522923,176.05150305229233,0,0,MONITOR STOCK - consider planned replenishment,75.1799557220568,2023-12-25,0,7.0,104
SKU0179,34,143.93047712647024,17.99130964080878,20.728594972584503,1.110196672348491,13.22860896463905,1.8898012806627216,109.93047712647024,0.0,0.7637748399171598,100,10,64.0,VERY HIGH,LOW,HIGH,35.98261928161756,179.9130964080878,145.9130964080878,0,0,URGENT REPLENISHMENT - prioritize purchase/order immediately,17.486033101280697,2023-12-25,0,10.0,19
SKU0180,1021,3549.9498152919305,443.7437269114913,453.457170518537,7.916826453577788,16.106143178054513,2.30087759686493,2528.9498152919305,0.0,0.7123903003918837,70,10,46.0,HIGH,LOW,MEDIUM,887.4874538229826,4437.437269114913,3416.437269114913,0,0,REPLENISH SOON - increase replenishment priority,427.3982498913337,2023-12-25,0,10.0,682
SKU0181,118,287.36855578814175,35.92106947351772,40.59516845473651,2.3816005484190126,22.99486101350508,3.2849801447864397,169.36855578814175,0.0,0.589377481901695,70,10,46.0,HIGH,LOW,MEDIUM,71.84213894703544,359.2106947351772,241.21069473517719,0,0,REPLENISH SOON - increase replenishment priority,33.34147573299764,2023-12-25,0,10.0,55
SKU0182,22,86.42875639260383,10.803594549075479,11.36663966167406,0.4759871044663451,14.254514948747183,2.036359278392455,64.42875639260383,0.0,0.7454550902009431,70,10,46.0,HIGH,LOW,MEDIUM,21.607189098150958,108.03594549075478,86.03594549075478,0,0,REPLENISH SOON - increase replenishment priority,10.11494857658485,2023-12-25,0,14.0,13
SKU0183,20,40.114784636383625,5.014348079547953,5.19761323420819,0.13850444687657065,27.919880666246264,3.988554380892324,20.114784636383625,0.0,0.5014307023884595,70,10,46.0,HIGH,LOW,MEDIUM,10.028696159095906,50.14348079547953,30.143480795479533,0,0,REPLENISH SOON - increase replenishment priority,4.834157679292463,2023-12-25,0,10.0,7
SKU0184,135,338.41891428495364,42.302364285619205,57.09999983230012,6.474516278021754,22.33917692211012,3.191310988872875,203.41891428495364,0.0,0.6010861263908907,70,10,46.0,HIGH,LOW,MEDIUM,84.60472857123841,423.02364285619205,288.02364285619205,0,0,REPLENISH SOON - increase replenishment priority,37.97077669300852,2023-12-25,309,30.0,139
SKU0185,37,97.76470119274445,12.220587649093057,13.5723025961933,0.9049957905783809,21.19374349556926,3.02767764222418,60.764701192744454,0.0,0.6215402947219775,70,10,46.0,HIGH,LOW,MEDIUM,24.441175298186113,122.20587649093056,85.20587649093056,0,0,REPLENISH SOON - increase replenishment priority,11.391860734655358,2023-12-25,0,7.0,13
SKU0186,14,437.3251328369837,54.66564160462296,61.10257988754229,3.567984727317373,1.7927165422990725,0.25610236318558177,423.3251328369837,0.0,0.9679872046018023,100,10,64.0,VERY HIGH,LOW,HIGH,109.33128320924592,546.6564160462297,532.6564160462297,0,0,URGENT REPLENISHMENT - prioritize purchase/order immediately,51.62752760066896,2023-12-25,456,7.0,43
SKU0187,131,199.1862549444599,24.898281868057488,28.46009748169096,1.7337064202858041,36.829850543881825,5.261407220554546,68.1862549444599,0.0,0.34232409743068176,40,40,40.0,MEDIUM,MEDIUM,MEDIUM,49.796563736114976,248.9828186805749,117.9828186805749,0,0,MONITOR STOCK - consider planned replenishment,23.488281774120026,2023-12-25,0,7.0,32
SKU0188,112,115.57717531744073,14.447146914680092,15.795828883236084,0.8545242682491496,54.26677008478115,7.7523957263973085,3.5771753174407337,0.0,0.03095053420033647,40,40,40.0,MEDIUM,MEDIUM,MEDIUM,28.894293829360183,144.47146914680093,32.47146914680093,0,0,MONITOR STOCK - consider planned replenishment,13.48886787955622,2023-12-25,0,30.0,71
SKU0189,4,73.49414372790746,9.186767965988432,10.030718453132364,0.479335921004635,3.0478618926332484,0.43540884180474976,69.49414372790746,0.0,0.9455738947744062,100,10,64.0,VERY HIGH,LOW,HIGH,18.373535931976864,91.86767965988432,87.86767965988432,0,0,URGENT REPLENISHMENT - prioritize purchase/order immediately,8.457420047742064,2023-12-25,53,10.0,9
SKU0190,16,34.052038510212626,4.256504813776578,4.45341629971517,0.13519278875763574,26.31266846862277,3.7589526383746814,18.052038510212626,0.0,0.5301309202031649,70,10,46.0,HIGH,LOW,MEDIUM,8.513009627553156,42.565048137765785,26.565048137765785,0,0,REPLENISH SOON - increase replenishment priority,4.148651834764321,2023-12-25,0,21.0,8
SKU0191,26,68.16650554697904,8.52081319337238,8.846464557253109,0.25985115610575965,21.35946368846138,3.051351955494483,42.16650554697904,0.0,0.6185810055631896,70,10,46.0,HIGH,LOW,MEDIUM,17.04162638674476,85.20813193372379,59.20813193372379,0,0,REPLENISH SOON - increase replenishment priority,8.254601338710296,2023-12-25,96,21.0,32
SKU0192,309,436.08997455444546,54.51124681930568,74.6252468950001,8.413753048226805,39.67988490833698,5.668554986905283,127.08997455444546,0.0,0.29143062663683955,40,40,40.0,MEDIUM,MEDIUM,MEDIUM,109.02249363861137,545.1124681930569,236.11246819305688,0,0,MONITOR STOCK - consider planned replenishment,48.217025614094766,2023-12-25,0,14.0,102
SKU0193,44,197.12003894322328,24.64000486790291,26.98689771618442,1.3519953973609118,12.499997530488054,1.7857139329268648,153.12003894322328,0.0,0.7767857583841419,100,10,64.0,VERY HIGH,LOW,HIGH,49.28000973580582,246.4000486790291,202.4000486790291,0,0,URGENT REPLENISHMENT - prioritize purchase/order immediately,23.08641018360642,2023-12-25,173,14.0,47
SKU0194,18,33.74259204613991,4.217824005767489,4.532370449429068,0.2824980849142113,29.873223687784627,4.267603383969233,15.742592046139912,0.0,0.4665495770038459,40,40,40.0,MEDIUM,MEDIUM,MEDIUM,8.435648011534978,42.17824005767489,24.17824005767489,0,0,MONITOR STOCK - consider planned replenishment,3.902128377809824,2023-12-25,0,14.0,8
SKU0195,108,198.424071433705,24.803008929213124,27.00660518095622,1.4270329308674827,30.480172875702145,4.354310410814592,90.424071433705,0.0,0.45571119864817594,40,40,40.0,MEDIUM,MEDIUM,MEDIUM,49.60601785842625,248.03008929213124,140.03008929213124,0,0,MONITOR STOCK - consider planned replenishment,23.308674133627257,2023-12-25,0,14.0,44
SKU0196,222,269.29190695641427,33.66148836955178,45.4995377765891,5.259170770175323,46.16551659687328,6.595073799553327,47.291906956414266,0.0,0.17561577505583414,40,40,40.0,MEDIUM,MEDIUM,MEDIUM,67.32297673910357,336.61488369551785,114.61488369551785,0,0,MONITOR STOCK - consider planned replenishment,29.59931157252588,2023-12-25,302,10.0,41
SKU0197,20,43.36747763330843,5.420934704163554,5.80475980156615,0.32616310269612314,25.825804522691055,3.6894006460987216,23.367477633308432,0.0,0.5388249192376597,70,10,46.0,HIGH,LOW,MEDIUM,10.841869408327108,54.20934704163554,34.20934704163554,0,0,REPLENISH SOON - increase replenishment priority,4.971150761815255,2023-12-25,0,21.0,18
SKU0198,44,199.72483334206285,24.965604167757856,27.784743512695712,1.3936087435128777,12.336973618998993,1.762424802714142,155.72483334206285,0.0,0.7796968996607323,100,10,64.0,VERY HIGH,LOW,HIGH,49.93120833551571,249.65604167757857,205.65604167757857,0,0,URGENT REPLENISHMENT - prioritize purchase/order immediately,23.84212509467936,2023-12-25,0,7.0,21
SKU0199,80,199.21576024233914,24.901970030292393,32.77381802393527,3.291059955162609,22.48818062662429,3.212597232374898,119.21576024233914,0.0,0.5984253459531378,70,10,46.0,HIGH,LOW,MEDIUM,49.803940060584786,249.01970030292392,169.01970030292392,0,0,REPLENISH SOON - increase replenishment priority,22.94282155727086,2023-12-25,0,14.0,39
SKU0200,0,39.022201545913305,4.877775193239163,5.152999070747215,0.16071414793166236,0.0,0.0,39.022201545913305,0.0,1.0,100,10,64.0,VERY HIGH,LOW,HIGH,9.755550386478326,48.77775193239163,48.77775193239163,0,0,URGENT REPLENISHMENT - prioritize purchase/order immediately,4.721971200061975,2023-12-25,30,7.0,4
